ISO-10303-21;
HEADER;
/* Generated by software containing ST-Developer
 * from STEP Tools, Inc. (www.steptools.com) 
 */

FILE_DESCRIPTION(
/* description */ (''),
/* implementation_level */ '2;1');

FILE_NAME(
/* name */ 'impeller.step',
/* time_stamp */ '2026-09-30T12:20:43+05:30',
/* author */ (''),
/* organization */ (''),
/* preprocessor_version */ 'ST-DEVELOPER v20.2',
/* originating_system */ 'Autodesk Translation Framework v15.15.0.0',
/* authorisation */ '');

FILE_SCHEMA (('AUTOMOTIVE_DESIGN { 1 0 10303 214 3 1 1 }'));
ENDSEC;

DATA;
#10=MECHANICAL_DESIGN_GEOMETRIC_PRESENTATION_REPRESENTATION('',(#13,#14,
#15,#16,#17,#18,#19),#3196);
#11=SHAPE_REPRESENTATION_RELATIONSHIP('SRR','None',#3203,#12);
#12=ADVANCED_BREP_SHAPE_REPRESENTATION('',(#20,#21,#22,#23,#24,#25,#26),
#3195);
#13=STYLED_ITEM('',(#3212),#20);
#14=STYLED_ITEM('',(#3212),#21);
#15=STYLED_ITEM('',(#3212),#22);
#16=STYLED_ITEM('',(#3212),#23);
#17=STYLED_ITEM('',(#3212),#24);
#18=STYLED_ITEM('',(#3212),#25);
#19=STYLED_ITEM('',(#3212),#26);
#20=MANIFOLD_SOLID_BREP('Body1',#1175);
#21=MANIFOLD_SOLID_BREP('Body2',#1176);
#22=MANIFOLD_SOLID_BREP('Body3',#1177);
#23=MANIFOLD_SOLID_BREP('Body4',#1178);
#24=MANIFOLD_SOLID_BREP('Body5',#1179);
#25=MANIFOLD_SOLID_BREP('Body6',#1180);
#26=MANIFOLD_SOLID_BREP('Body7',#1181);
#27=FACE_BOUND('',#235,.T.);
#28=FACE_BOUND('',#236,.T.);
#29=FACE_BOUND('',#237,.T.);
#30=FACE_BOUND('',#250,.T.);
#31=FACE_BOUND('',#251,.T.);
#32=FACE_BOUND('',#252,.T.);
#33=FACE_BOUND('',#265,.T.);
#34=FACE_BOUND('',#266,.T.);
#35=FACE_BOUND('',#267,.T.);
#36=FACE_BOUND('',#280,.T.);
#37=FACE_BOUND('',#281,.T.);
#38=FACE_BOUND('',#282,.T.);
#39=FACE_BOUND('',#295,.T.);
#40=FACE_BOUND('',#296,.T.);
#41=FACE_BOUND('',#297,.T.);
#42=FACE_BOUND('',#310,.T.);
#43=FACE_BOUND('',#311,.T.);
#44=FACE_BOUND('',#312,.T.);
#45=FACE_BOUND('',#325,.T.);
#46=FACE_BOUND('',#326,.T.);
#47=FACE_BOUND('',#327,.T.);
#48=(
BOUNDED_CURVE()
B_SPLINE_CURVE(5,(#1855,#1856,#1857,#1858,#1859,#1860,#1861,#1862,#1863,
#1864),.UNSPECIFIED.,.F.,.F.)
B_SPLINE_CURVE_WITH_KNOTS((6,1,1,1,1,6),(0.,0.2,0.4,0.6,0.8,1.),
 .UNSPECIFIED.)
CURVE()
GEOMETRIC_REPRESENTATION_ITEM()
RATIONAL_B_SPLINE_CURVE((1.,1.,1.,1.,1.,1.,1.,1.,1.,1.))
REPRESENTATION_ITEM('')
);
#49=(
BOUNDED_CURVE()
B_SPLINE_CURVE(5,(#2076,#2077,#2078,#2079,#2080,#2081,#2082,#2083,#2084,
#2085),.UNSPECIFIED.,.F.,.F.)
B_SPLINE_CURVE_WITH_KNOTS((6,1,1,1,1,6),(0.,0.2,0.4,0.6,0.8,1.),
 .UNSPECIFIED.)
CURVE()
GEOMETRIC_REPRESENTATION_ITEM()
RATIONAL_B_SPLINE_CURVE((1.,1.,1.,1.,1.,1.,1.,1.,1.,1.))
REPRESENTATION_ITEM('')
);
#50=(
BOUNDED_CURVE()
B_SPLINE_CURVE(5,(#2297,#2298,#2299,#2300,#2301,#2302,#2303,#2304,#2305,
#2306),.UNSPECIFIED.,.F.,.F.)
B_SPLINE_CURVE_WITH_KNOTS((6,1,1,1,1,6),(0.,0.2,0.4,0.6,0.8,1.),
 .UNSPECIFIED.)
CURVE()
GEOMETRIC_REPRESENTATION_ITEM()
RATIONAL_B_SPLINE_CURVE((1.,1.,1.,1.,1.,1.,1.,1.,1.,1.))
REPRESENTATION_ITEM('')
);
#51=(
BOUNDED_CURVE()
B_SPLINE_CURVE(5,(#2518,#2519,#2520,#2521,#2522,#2523,#2524,#2525,#2526,
#2527),.UNSPECIFIED.,.F.,.F.)
B_SPLINE_CURVE_WITH_KNOTS((6,1,1,1,1,6),(0.,0.2,0.4,0.6,0.8,1.),
 .UNSPECIFIED.)
CURVE()
GEOMETRIC_REPRESENTATION_ITEM()
RATIONAL_B_SPLINE_CURVE((1.,1.,1.,1.,1.,1.,1.,1.,1.,1.))
REPRESENTATION_ITEM('')
);
#52=(
BOUNDED_CURVE()
B_SPLINE_CURVE(5,(#2739,#2740,#2741,#2742,#2743,#2744,#2745,#2746,#2747,
#2748),.UNSPECIFIED.,.F.,.F.)
B_SPLINE_CURVE_WITH_KNOTS((6,1,1,1,1,6),(0.,0.2,0.4,0.6,0.8,1.),
 .UNSPECIFIED.)
CURVE()
GEOMETRIC_REPRESENTATION_ITEM()
RATIONAL_B_SPLINE_CURVE((1.,1.,1.,1.,1.,1.,1.,1.,1.,1.))
REPRESENTATION_ITEM('')
);
#53=(
BOUNDED_CURVE()
B_SPLINE_CURVE(5,(#2960,#2961,#2962,#2963,#2964,#2965,#2966,#2967,#2968,
#2969),.UNSPECIFIED.,.F.,.F.)
B_SPLINE_CURVE_WITH_KNOTS((6,1,1,1,1,6),(0.,0.2,0.4,0.6,0.8,1.),
 .UNSPECIFIED.)
CURVE()
GEOMETRIC_REPRESENTATION_ITEM()
RATIONAL_B_SPLINE_CURVE((1.,1.,1.,1.,1.,1.,1.,1.,1.,1.))
REPRESENTATION_ITEM('')
);
#54=(
BOUNDED_CURVE()
B_SPLINE_CURVE(5,(#3181,#3182,#3183,#3184,#3185,#3186,#3187,#3188,#3189,
#3190),.UNSPECIFIED.,.F.,.F.)
B_SPLINE_CURVE_WITH_KNOTS((6,1,1,1,1,6),(0.,0.2,0.4,0.6,0.8,1.),
 .UNSPECIFIED.)
CURVE()
GEOMETRIC_REPRESENTATION_ITEM()
RATIONAL_B_SPLINE_CURVE((1.,1.,1.,1.,1.,1.,1.,1.,1.,1.))
REPRESENTATION_ITEM('')
);
#55=(
BOUNDED_SURFACE()
B_SPLINE_SURFACE(5,2,((#1764,#1765,#1766,#1767,#1768,#1769,#1770,#1771,
#1772),(#1773,#1774,#1775,#1776,#1777,#1778,#1779,#1780,#1781),(#1782,#1783,
#1784,#1785,#1786,#1787,#1788,#1789,#1790),(#1791,#1792,#1793,#1794,#1795,
#1796,#1797,#1798,#1799),(#1800,#1801,#1802,#1803,#1804,#1805,#1806,#1807,
#1808),(#1809,#1810,#1811,#1812,#1813,#1814,#1815,#1816,#1817),(#1818,#1819,
#1820,#1821,#1822,#1823,#1824,#1825,#1826),(#1827,#1828,#1829,#1830,#1831,
#1832,#1833,#1834,#1835),(#1836,#1837,#1838,#1839,#1840,#1841,#1842,#1843,
#1844),(#1845,#1846,#1847,#1848,#1849,#1850,#1851,#1852,#1853)),
 .UNSPECIFIED.,.F.,.T.,.F.)
B_SPLINE_SURFACE_WITH_KNOTS((6,1,1,1,1,6),(3,2,2,2,3),(-1.,-0.8,-0.6,-0.4,
-0.2,0.),(0.,1.5707963267949,3.14159265358979,4.71238898038469,6.28318530717959),
 .UNSPECIFIED.)
GEOMETRIC_REPRESENTATION_ITEM()
RATIONAL_B_SPLINE_SURFACE(((1.,0.707106781186548,1.,0.707106781186548,1.,
0.707106781186548,1.,0.707106781186548,1.),(1.,0.707106781186548,1.,0.707106781186548,
1.,0.707106781186548,1.,0.707106781186548,1.),(1.,0.707106781186548,1.,
0.707106781186548,1.,0.707106781186548,1.,0.707106781186548,1.),(1.,0.707106781186548,
1.,0.707106781186548,1.,0.707106781186548,1.,0.707106781186548,1.),(1.,
0.707106781186548,1.,0.707106781186548,1.,0.707106781186548,1.,0.707106781186548,
1.),(1.,0.707106781186548,1.,0.707106781186548,1.,0.707106781186548,1.,
0.707106781186548,1.),(1.,0.707106781186548,1.,0.707106781186548,1.,0.707106781186548,
1.,0.707106781186548,1.),(1.,0.707106781186548,1.,0.707106781186548,1.,
0.707106781186548,1.,0.707106781186548,1.),(1.,0.707106781186548,1.,0.707106781186548,
1.,0.707106781186548,1.,0.707106781186548,1.),(1.,0.707106781186548,1.,
0.707106781186548,1.,0.707106781186548,1.,0.707106781186548,1.)))
REPRESENTATION_ITEM('')
SURFACE()
);
#56=(
BOUNDED_SURFACE()
B_SPLINE_SURFACE(5,2,((#1985,#1986,#1987,#1988,#1989,#1990,#1991,#1992,
#1993),(#1994,#1995,#1996,#1997,#1998,#1999,#2000,#2001,#2002),(#2003,#2004,
#2005,#2006,#2007,#2008,#2009,#2010,#2011),(#2012,#2013,#2014,#2015,#2016,
#2017,#2018,#2019,#2020),(#2021,#2022,#2023,#2024,#2025,#2026,#2027,#2028,
#2029),(#2030,#2031,#2032,#2033,#2034,#2035,#2036,#2037,#2038),(#2039,#2040,
#2041,#2042,#2043,#2044,#2045,#2046,#2047),(#2048,#2049,#2050,#2051,#2052,
#2053,#2054,#2055,#2056),(#2057,#2058,#2059,#2060,#2061,#2062,#2063,#2064,
#2065),(#2066,#2067,#2068,#2069,#2070,#2071,#2072,#2073,#2074)),
 .UNSPECIFIED.,.F.,.T.,.F.)
B_SPLINE_SURFACE_WITH_KNOTS((6,1,1,1,1,6),(3,2,2,2,3),(-1.,-0.8,-0.6,-0.4,
-0.2,0.),(0.,1.5707963267949,3.14159265358979,4.71238898038469,6.28318530717959),
 .UNSPECIFIED.)
GEOMETRIC_REPRESENTATION_ITEM()
RATIONAL_B_SPLINE_SURFACE(((1.,0.707106781186548,1.,0.707106781186548,1.,
0.707106781186548,1.,0.707106781186548,1.),(1.,0.707106781186548,1.,0.707106781186548,
1.,0.707106781186548,1.,0.707106781186548,1.),(1.,0.707106781186548,1.,
0.707106781186548,1.,0.707106781186548,1.,0.707106781186548,1.),(1.,0.707106781186548,
1.,0.707106781186548,1.,0.707106781186548,1.,0.707106781186548,1.),(1.,
0.707106781186548,1.,0.707106781186548,1.,0.707106781186548,1.,0.707106781186548,
1.),(1.,0.707106781186548,1.,0.707106781186548,1.,0.707106781186548,1.,
0.707106781186548,1.),(1.,0.707106781186548,1.,0.707106781186548,1.,0.707106781186548,
1.,0.707106781186548,1.),(1.,0.707106781186548,1.,0.707106781186548,1.,
0.707106781186548,1.,0.707106781186548,1.),(1.,0.707106781186548,1.,0.707106781186548,
1.,0.707106781186548,1.,0.707106781186548,1.),(1.,0.707106781186548,1.,
0.707106781186548,1.,0.707106781186548,1.,0.707106781186548,1.)))
REPRESENTATION_ITEM('')
SURFACE()
);
#57=(
BOUNDED_SURFACE()
B_SPLINE_SURFACE(5,2,((#2206,#2207,#2208,#2209,#2210,#2211,#2212,#2213,
#2214),(#2215,#2216,#2217,#2218,#2219,#2220,#2221,#2222,#2223),(#2224,#2225,
#2226,#2227,#2228,#2229,#2230,#2231,#2232),(#2233,#2234,#2235,#2236,#2237,
#2238,#2239,#2240,#2241),(#2242,#2243,#2244,#2245,#2246,#2247,#2248,#2249,
#2250),(#2251,#2252,#2253,#2254,#2255,#2256,#2257,#2258,#2259),(#2260,#2261,
#2262,#2263,#2264,#2265,#2266,#2267,#2268),(#2269,#2270,#2271,#2272,#2273,
#2274,#2275,#2276,#2277),(#2278,#2279,#2280,#2281,#2282,#2283,#2284,#2285,
#2286),(#2287,#2288,#2289,#2290,#2291,#2292,#2293,#2294,#2295)),
 .UNSPECIFIED.,.F.,.T.,.F.)
B_SPLINE_SURFACE_WITH_KNOTS((6,1,1,1,1,6),(3,2,2,2,3),(-1.,-0.8,-0.6,-0.4,
-0.2,0.),(0.,1.5707963267949,3.14159265358979,4.71238898038469,6.28318530717959),
 .UNSPECIFIED.)
GEOMETRIC_REPRESENTATION_ITEM()
RATIONAL_B_SPLINE_SURFACE(((1.,0.707106781186548,1.,0.707106781186548,1.,
0.707106781186548,1.,0.707106781186548,1.),(1.,0.707106781186548,1.,0.707106781186548,
1.,0.707106781186548,1.,0.707106781186548,1.),(1.,0.707106781186548,1.,
0.707106781186548,1.,0.707106781186548,1.,0.707106781186548,1.),(1.,0.707106781186548,
1.,0.707106781186548,1.,0.707106781186548,1.,0.707106781186548,1.),(1.,
0.707106781186548,1.,0.707106781186548,1.,0.707106781186548,1.,0.707106781186548,
1.),(1.,0.707106781186548,1.,0.707106781186548,1.,0.707106781186548,1.,
0.707106781186548,1.),(1.,0.707106781186548,1.,0.707106781186548,1.,0.707106781186548,
1.,0.707106781186548,1.),(1.,0.707106781186548,1.,0.707106781186548,1.,
0.707106781186548,1.,0.707106781186548,1.),(1.,0.707106781186548,1.,0.707106781186548,
1.,0.707106781186548,1.,0.707106781186548,1.),(1.,0.707106781186548,1.,
0.707106781186548,1.,0.707106781186548,1.,0.707106781186548,1.)))
REPRESENTATION_ITEM('')
SURFACE()
);
#58=(
BOUNDED_SURFACE()
B_SPLINE_SURFACE(5,2,((#2427,#2428,#2429,#2430,#2431,#2432,#2433,#2434,
#2435),(#2436,#2437,#2438,#2439,#2440,#2441,#2442,#2443,#2444),(#2445,#2446,
#2447,#2448,#2449,#2450,#2451,#2452,#2453),(#2454,#2455,#2456,#2457,#2458,
#2459,#2460,#2461,#2462),(#2463,#2464,#2465,#2466,#2467,#2468,#2469,#2470,
#2471),(#2472,#2473,#2474,#2475,#2476,#2477,#2478,#2479,#2480),(#2481,#2482,
#2483,#2484,#2485,#2486,#2487,#2488,#2489),(#2490,#2491,#2492,#2493,#2494,
#2495,#2496,#2497,#2498),(#2499,#2500,#2501,#2502,#2503,#2504,#2505,#2506,
#2507),(#2508,#2509,#2510,#2511,#2512,#2513,#2514,#2515,#2516)),
 .UNSPECIFIED.,.F.,.T.,.F.)
B_SPLINE_SURFACE_WITH_KNOTS((6,1,1,1,1,6),(3,2,2,2,3),(-1.,-0.8,-0.6,-0.4,
-0.2,0.),(0.,1.5707963267949,3.14159265358979,4.71238898038469,6.28318530717959),
 .UNSPECIFIED.)
GEOMETRIC_REPRESENTATION_ITEM()
RATIONAL_B_SPLINE_SURFACE(((1.,0.707106781186548,1.,0.707106781186548,1.,
0.707106781186548,1.,0.707106781186548,1.),(1.,0.707106781186548,1.,0.707106781186548,
1.,0.707106781186548,1.,0.707106781186548,1.),(1.,0.707106781186548,1.,
0.707106781186548,1.,0.707106781186548,1.,0.707106781186548,1.),(1.,0.707106781186548,
1.,0.707106781186548,1.,0.707106781186548,1.,0.707106781186548,1.),(1.,
0.707106781186548,1.,0.707106781186548,1.,0.707106781186548,1.,0.707106781186548,
1.),(1.,0.707106781186548,1.,0.707106781186548,1.,0.707106781186548,1.,
0.707106781186548,1.),(1.,0.707106781186548,1.,0.707106781186548,1.,0.707106781186548,
1.,0.707106781186548,1.),(1.,0.707106781186548,1.,0.707106781186548,1.,
0.707106781186548,1.,0.707106781186548,1.),(1.,0.707106781186548,1.,0.707106781186548,
1.,0.707106781186548,1.,0.707106781186548,1.),(1.,0.707106781186548,1.,
0.707106781186548,1.,0.707106781186548,1.,0.707106781186548,1.)))
REPRESENTATION_ITEM('')
SURFACE()
);
#59=(
BOUNDED_SURFACE()
B_SPLINE_SURFACE(5,2,((#2648,#2649,#2650,#2651,#2652,#2653,#2654,#2655,
#2656),(#2657,#2658,#2659,#2660,#2661,#2662,#2663,#2664,#2665),(#2666,#2667,
#2668,#2669,#2670,#2671,#2672,#2673,#2674),(#2675,#2676,#2677,#2678,#2679,
#2680,#2681,#2682,#2683),(#2684,#2685,#2686,#2687,#2688,#2689,#2690,#2691,
#2692),(#2693,#2694,#2695,#2696,#2697,#2698,#2699,#2700,#2701),(#2702,#2703,
#2704,#2705,#2706,#2707,#2708,#2709,#2710),(#2711,#2712,#2713,#2714,#2715,
#2716,#2717,#2718,#2719),(#2720,#2721,#2722,#2723,#2724,#2725,#2726,#2727,
#2728),(#2729,#2730,#2731,#2732,#2733,#2734,#2735,#2736,#2737)),
 .UNSPECIFIED.,.F.,.T.,.F.)
B_SPLINE_SURFACE_WITH_KNOTS((6,1,1,1,1,6),(3,2,2,2,3),(-1.,-0.8,-0.6,-0.4,
-0.2,0.),(0.,1.5707963267949,3.14159265358979,4.71238898038469,6.28318530717959),
 .UNSPECIFIED.)
GEOMETRIC_REPRESENTATION_ITEM()
RATIONAL_B_SPLINE_SURFACE(((1.,0.707106781186548,1.,0.707106781186548,1.,
0.707106781186548,1.,0.707106781186548,1.),(1.,0.707106781186548,1.,0.707106781186548,
1.,0.707106781186548,1.,0.707106781186548,1.),(1.,0.707106781186548,1.,
0.707106781186548,1.,0.707106781186548,1.,0.707106781186548,1.),(1.,0.707106781186548,
1.,0.707106781186548,1.,0.707106781186548,1.,0.707106781186548,1.),(1.,
0.707106781186548,1.,0.707106781186548,1.,0.707106781186548,1.,0.707106781186548,
1.),(1.,0.707106781186548,1.,0.707106781186548,1.,0.707106781186548,1.,
0.707106781186548,1.),(1.,0.707106781186548,1.,0.707106781186548,1.,0.707106781186548,
1.,0.707106781186548,1.),(1.,0.707106781186548,1.,0.707106781186548,1.,
0.707106781186548,1.,0.707106781186548,1.),(1.,0.707106781186548,1.,0.707106781186548,
1.,0.707106781186548,1.,0.707106781186548,1.),(1.,0.707106781186548,1.,
0.707106781186548,1.,0.707106781186548,1.,0.707106781186548,1.)))
REPRESENTATION_ITEM('')
SURFACE()
);
#60=(
BOUNDED_SURFACE()
B_SPLINE_SURFACE(5,2,((#2869,#2870,#2871,#2872,#2873,#2874,#2875,#2876,
#2877),(#2878,#2879,#2880,#2881,#2882,#2883,#2884,#2885,#2886),(#2887,#2888,
#2889,#2890,#2891,#2892,#2893,#2894,#2895),(#2896,#2897,#2898,#2899,#2900,
#2901,#2902,#2903,#2904),(#2905,#2906,#2907,#2908,#2909,#2910,#2911,#2912,
#2913),(#2914,#2915,#2916,#2917,#2918,#2919,#2920,#2921,#2922),(#2923,#2924,
#2925,#2926,#2927,#2928,#2929,#2930,#2931),(#2932,#2933,#2934,#2935,#2936,
#2937,#2938,#2939,#2940),(#2941,#2942,#2943,#2944,#2945,#2946,#2947,#2948,
#2949),(#2950,#2951,#2952,#2953,#2954,#2955,#2956,#2957,#2958)),
 .UNSPECIFIED.,.F.,.T.,.F.)
B_SPLINE_SURFACE_WITH_KNOTS((6,1,1,1,1,6),(3,2,2,2,3),(-1.,-0.8,-0.6,-0.4,
-0.2,0.),(0.,1.5707963267949,3.14159265358979,4.71238898038469,6.28318530717959),
 .UNSPECIFIED.)
GEOMETRIC_REPRESENTATION_ITEM()
RATIONAL_B_SPLINE_SURFACE(((1.,0.707106781186548,1.,0.707106781186548,1.,
0.707106781186548,1.,0.707106781186548,1.),(1.,0.707106781186548,1.,0.707106781186548,
1.,0.707106781186548,1.,0.707106781186548,1.),(1.,0.707106781186548,1.,
0.707106781186548,1.,0.707106781186548,1.,0.707106781186548,1.),(1.,0.707106781186548,
1.,0.707106781186548,1.,0.707106781186548,1.,0.707106781186548,1.),(1.,
0.707106781186548,1.,0.707106781186548,1.,0.707106781186548,1.,0.707106781186548,
1.),(1.,0.707106781186548,1.,0.707106781186548,1.,0.707106781186548,1.,
0.707106781186548,1.),(1.,0.707106781186548,1.,0.707106781186548,1.,0.707106781186548,
1.,0.707106781186548,1.),(1.,0.707106781186548,1.,0.707106781186548,1.,
0.707106781186548,1.,0.707106781186548,1.),(1.,0.707106781186548,1.,0.707106781186548,
1.,0.707106781186548,1.,0.707106781186548,1.),(1.,0.707106781186548,1.,
0.707106781186548,1.,0.707106781186548,1.,0.707106781186548,1.)))
REPRESENTATION_ITEM('')
SURFACE()
);
#61=(
BOUNDED_SURFACE()
B_SPLINE_SURFACE(5,2,((#3090,#3091,#3092,#3093,#3094,#3095,#3096,#3097,
#3098),(#3099,#3100,#3101,#3102,#3103,#3104,#3105,#3106,#3107),(#3108,#3109,
#3110,#3111,#3112,#3113,#3114,#3115,#3116),(#3117,#3118,#3119,#3120,#3121,
#3122,#3123,#3124,#3125),(#3126,#3127,#3128,#3129,#3130,#3131,#3132,#3133,
#3134),(#3135,#3136,#3137,#3138,#3139,#3140,#3141,#3142,#3143),(#3144,#3145,
#3146,#3147,#3148,#3149,#3150,#3151,#3152),(#3153,#3154,#3155,#3156,#3157,
#3158,#3159,#3160,#3161),(#3162,#3163,#3164,#3165,#3166,#3167,#3168,#3169,
#3170),(#3171,#3172,#3173,#3174,#3175,#3176,#3177,#3178,#3179)),
 .UNSPECIFIED.,.F.,.T.,.F.)
B_SPLINE_SURFACE_WITH_KNOTS((6,1,1,1,1,6),(3,2,2,2,3),(-1.,-0.8,-0.6,-0.4,
-0.2,0.),(0.,1.5707963267949,3.14159265358979,4.71238898038469,6.28318530717959),
 .UNSPECIFIED.)
GEOMETRIC_REPRESENTATION_ITEM()
RATIONAL_B_SPLINE_SURFACE(((1.,0.707106781186548,1.,0.707106781186548,1.,
0.707106781186548,1.,0.707106781186548,1.),(1.,0.707106781186548,1.,0.707106781186548,
1.,0.707106781186548,1.,0.707106781186548,1.),(1.,0.707106781186548,1.,
0.707106781186548,1.,0.707106781186548,1.,0.707106781186548,1.),(1.,0.707106781186548,
1.,0.707106781186548,1.,0.707106781186548,1.,0.707106781186548,1.),(1.,
0.707106781186548,1.,0.707106781186548,1.,0.707106781186548,1.,0.707106781186548,
1.),(1.,0.707106781186548,1.,0.707106781186548,1.,0.707106781186548,1.,
0.707106781186548,1.),(1.,0.707106781186548,1.,0.707106781186548,1.,0.707106781186548,
1.,0.707106781186548,1.),(1.,0.707106781186548,1.,0.707106781186548,1.,
0.707106781186548,1.,0.707106781186548,1.),(1.,0.707106781186548,1.,0.707106781186548,
1.,0.707106781186548,1.,0.707106781186548,1.),(1.,0.707106781186548,1.,
0.707106781186548,1.,0.707106781186548,1.,0.707106781186548,1.)))
REPRESENTATION_ITEM('')
SURFACE()
);
#62=B_SPLINE_CURVE_WITH_KNOTS('',3,(#1689,#1690,#1691,#1692,#1693,#1694,
#1695,#1696),.UNSPECIFIED.,.F.,.F.,(4,2,2,4),(-1.70728907174832,-0.939194875241456,
-0.307512836241147,0.),.UNSPECIFIED.);
#63=B_SPLINE_CURVE_WITH_KNOTS('',3,(#1704,#1705,#1706,#1707,#1708,#1709,
#1710,#1711),.UNSPECIFIED.,.F.,.F.,(4,2,2,4),(-0.209960783920801,-0.178049885099439,
-0.0924595642103786,-0.0535802780752606),.UNSPECIFIED.);
#64=B_SPLINE_CURVE_WITH_KNOTS('',3,(#1736,#1737,#1738,#1739,#1740,#1741,
#1742,#1743),.UNSPECIFIED.,.F.,.F.,(4,2,2,4),(-1.97620603059808,-1.50601006003046,
-1.04114047668148,-2.08941062229684E-8),.UNSPECIFIED.);
#65=B_SPLINE_CURVE_WITH_KNOTS('',3,(#1910,#1911,#1912,#1913,#1914,#1915,
#1916,#1917),.UNSPECIFIED.,.F.,.F.,(4,2,2,4),(-1.70728907174832,-0.939194875241456,
-0.307512836241147,0.),.UNSPECIFIED.);
#66=B_SPLINE_CURVE_WITH_KNOTS('',3,(#1925,#1926,#1927,#1928,#1929,#1930,
#1931,#1932),.UNSPECIFIED.,.F.,.F.,(4,2,2,4),(-0.209960783920801,-0.178049885099439,
-0.0924595642103786,-0.0535802780752606),.UNSPECIFIED.);
#67=B_SPLINE_CURVE_WITH_KNOTS('',3,(#1957,#1958,#1959,#1960,#1961,#1962,
#1963,#1964),.UNSPECIFIED.,.F.,.F.,(4,2,2,4),(-1.97620603059808,-1.50601006003046,
-1.04114047668148,-2.08941071111468E-8),.UNSPECIFIED.);
#68=B_SPLINE_CURVE_WITH_KNOTS('',3,(#2131,#2132,#2133,#2134,#2135,#2136,
#2137,#2138),.UNSPECIFIED.,.F.,.F.,(4,2,2,4),(-1.70728907174832,-0.939194875241456,
-0.307512836241147,0.),.UNSPECIFIED.);
#69=B_SPLINE_CURVE_WITH_KNOTS('',3,(#2146,#2147,#2148,#2149,#2150,#2151,
#2152,#2153),.UNSPECIFIED.,.F.,.F.,(4,2,2,4),(-0.209960783920801,-0.178049885099439,
-0.0924595642103786,-0.0535802780752606),.UNSPECIFIED.);
#70=B_SPLINE_CURVE_WITH_KNOTS('',3,(#2178,#2179,#2180,#2181,#2182,#2183,
#2184,#2185),.UNSPECIFIED.,.F.,.F.,(4,2,2,4),(-1.97620603059808,-1.50601006003046,
-1.04114047668148,-2.08941066670576E-8),.UNSPECIFIED.);
#71=B_SPLINE_CURVE_WITH_KNOTS('',3,(#2352,#2353,#2354,#2355,#2356,#2357,
#2358,#2359),.UNSPECIFIED.,.F.,.F.,(4,2,2,4),(-1.70728907174832,-0.939194875241456,
-0.307512836241147,0.),.UNSPECIFIED.);
#72=B_SPLINE_CURVE_WITH_KNOTS('',3,(#2367,#2368,#2369,#2370,#2371,#2372,
#2373,#2374),.UNSPECIFIED.,.F.,.F.,(4,2,2,4),(-0.209960783920801,-0.178049885099439,
-0.0924595642103786,-0.0535802780752606),.UNSPECIFIED.);
#73=B_SPLINE_CURVE_WITH_KNOTS('',3,(#2399,#2400,#2401,#2402,#2403,#2404,
#2405,#2406),.UNSPECIFIED.,.F.,.F.,(4,2,2,4),(-1.97620603059808,-1.50601006003046,
-1.04114047668148,-2.08941062229684E-8),.UNSPECIFIED.);
#74=B_SPLINE_CURVE_WITH_KNOTS('',3,(#2573,#2574,#2575,#2576,#2577,#2578,
#2579,#2580),.UNSPECIFIED.,.F.,.F.,(4,2,2,4),(-1.70728907174832,-0.939194875241456,
-0.307512836241147,0.),.UNSPECIFIED.);
#75=B_SPLINE_CURVE_WITH_KNOTS('',3,(#2588,#2589,#2590,#2591,#2592,#2593,
#2594,#2595),.UNSPECIFIED.,.F.,.F.,(4,2,2,4),(-0.209960783920801,-0.178049885099439,
-0.0924595642103786,-0.0535802780752606),.UNSPECIFIED.);
#76=B_SPLINE_CURVE_WITH_KNOTS('',3,(#2620,#2621,#2622,#2623,#2624,#2625,
#2626,#2627),.UNSPECIFIED.,.F.,.F.,(4,2,2,4),(-1.97620603059808,-1.50601006003046,
-1.04114047668148,-2.08941062229684E-8),.UNSPECIFIED.);
#77=B_SPLINE_CURVE_WITH_KNOTS('',3,(#2794,#2795,#2796,#2797,#2798,#2799,
#2800,#2801),.UNSPECIFIED.,.F.,.F.,(4,2,2,4),(-1.70728907174832,-0.939194875241456,
-0.307512836241147,0.),.UNSPECIFIED.);
#78=B_SPLINE_CURVE_WITH_KNOTS('',3,(#2809,#2810,#2811,#2812,#2813,#2814,
#2815,#2816),.UNSPECIFIED.,.F.,.F.,(4,2,2,4),(-0.209960783920801,-0.178049885099439,
-0.0924595642103786,-0.0535802780752606),.UNSPECIFIED.);
#79=B_SPLINE_CURVE_WITH_KNOTS('',3,(#2841,#2842,#2843,#2844,#2845,#2846,
#2847,#2848),.UNSPECIFIED.,.F.,.F.,(4,2,2,4),(-1.97620603059808,-1.50601006003046,
-1.04114047668148,-2.08941071111468E-8),.UNSPECIFIED.);
#80=B_SPLINE_CURVE_WITH_KNOTS('',3,(#3015,#3016,#3017,#3018,#3019,#3020,
#3021,#3022),.UNSPECIFIED.,.F.,.F.,(4,2,2,4),(-1.70728907174832,-0.939194875241456,
-0.307512836241147,0.),.UNSPECIFIED.);
#81=B_SPLINE_CURVE_WITH_KNOTS('',3,(#3030,#3031,#3032,#3033,#3034,#3035,
#3036,#3037),.UNSPECIFIED.,.F.,.F.,(4,2,2,4),(-0.209960783920801,-0.178049885099439,
-0.0924595642103786,-0.0535802780752606),.UNSPECIFIED.);
#82=B_SPLINE_CURVE_WITH_KNOTS('',3,(#3062,#3063,#3064,#3065,#3066,#3067,
#3068,#3069),.UNSPECIFIED.,.F.,.F.,(4,2,2,4),(-1.97620603059808,-1.50601006003046,
-1.04114047668148,-2.08941055568346E-8),.UNSPECIFIED.);
#83=B_SPLINE_SURFACE_WITH_KNOTS('',3,3,((#1667,#1668,#1669,#1670),(#1671,
#1672,#1673,#1674),(#1675,#1676,#1677,#1678),(#1679,#1680,#1681,#1682),
(#1683,#1684,#1685,#1686)),.UNSPECIFIED.,.F.,.F.,.F.,(4,1,4),(4,4),(0.,
0.571428571428571,1.),(0.,1.),.UNSPECIFIED.);
#84=B_SPLINE_SURFACE_WITH_KNOTS('',3,3,((#1715,#1716,#1717,#1718),(#1719,
#1720,#1721,#1722),(#1723,#1724,#1725,#1726),(#1727,#1728,#1729,#1730),
(#1731,#1732,#1733,#1734)),.UNSPECIFIED.,.F.,.F.,.F.,(4,1,4),(4,4),(0.,
0.571428571428571,1.),(0.,1.),.UNSPECIFIED.);
#85=B_SPLINE_SURFACE_WITH_KNOTS('',3,3,((#1747,#1748,#1749,#1750),(#1751,
#1752,#1753,#1754),(#1755,#1756,#1757,#1758),(#1759,#1760,#1761,#1762)),
 .UNSPECIFIED.,.F.,.F.,.F.,(4,4),(4,4),(0.,1.),(0.,1.),.UNSPECIFIED.);
#86=B_SPLINE_SURFACE_WITH_KNOTS('',3,3,((#1888,#1889,#1890,#1891),(#1892,
#1893,#1894,#1895),(#1896,#1897,#1898,#1899),(#1900,#1901,#1902,#1903),
(#1904,#1905,#1906,#1907)),.UNSPECIFIED.,.F.,.F.,.F.,(4,1,4),(4,4),(0.,
0.571428571428571,1.),(0.,1.),.UNSPECIFIED.);
#87=B_SPLINE_SURFACE_WITH_KNOTS('',3,3,((#1936,#1937,#1938,#1939),(#1940,
#1941,#1942,#1943),(#1944,#1945,#1946,#1947),(#1948,#1949,#1950,#1951),
(#1952,#1953,#1954,#1955)),.UNSPECIFIED.,.F.,.F.,.F.,(4,1,4),(4,4),(0.,
0.571428571428571,1.),(0.,1.),.UNSPECIFIED.);
#88=B_SPLINE_SURFACE_WITH_KNOTS('',3,3,((#1968,#1969,#1970,#1971),(#1972,
#1973,#1974,#1975),(#1976,#1977,#1978,#1979),(#1980,#1981,#1982,#1983)),
 .UNSPECIFIED.,.F.,.F.,.F.,(4,4),(4,4),(0.,1.),(0.,1.),.UNSPECIFIED.);
#89=B_SPLINE_SURFACE_WITH_KNOTS('',3,3,((#2109,#2110,#2111,#2112),(#2113,
#2114,#2115,#2116),(#2117,#2118,#2119,#2120),(#2121,#2122,#2123,#2124),
(#2125,#2126,#2127,#2128)),.UNSPECIFIED.,.F.,.F.,.F.,(4,1,4),(4,4),(0.,
0.571428571428571,1.),(0.,1.),.UNSPECIFIED.);
#90=B_SPLINE_SURFACE_WITH_KNOTS('',3,3,((#2157,#2158,#2159,#2160),(#2161,
#2162,#2163,#2164),(#2165,#2166,#2167,#2168),(#2169,#2170,#2171,#2172),
(#2173,#2174,#2175,#2176)),.UNSPECIFIED.,.F.,.F.,.F.,(4,1,4),(4,4),(0.,
0.571428571428571,1.),(0.,1.),.UNSPECIFIED.);
#91=B_SPLINE_SURFACE_WITH_KNOTS('',3,3,((#2189,#2190,#2191,#2192),(#2193,
#2194,#2195,#2196),(#2197,#2198,#2199,#2200),(#2201,#2202,#2203,#2204)),
 .UNSPECIFIED.,.F.,.F.,.F.,(4,4),(4,4),(0.,1.),(0.,1.),.UNSPECIFIED.);
#92=B_SPLINE_SURFACE_WITH_KNOTS('',3,3,((#2330,#2331,#2332,#2333),(#2334,
#2335,#2336,#2337),(#2338,#2339,#2340,#2341),(#2342,#2343,#2344,#2345),
(#2346,#2347,#2348,#2349)),.UNSPECIFIED.,.F.,.F.,.F.,(4,1,4),(4,4),(0.,
0.571428571428571,1.),(0.,1.),.UNSPECIFIED.);
#93=B_SPLINE_SURFACE_WITH_KNOTS('',3,3,((#2378,#2379,#2380,#2381),(#2382,
#2383,#2384,#2385),(#2386,#2387,#2388,#2389),(#2390,#2391,#2392,#2393),
(#2394,#2395,#2396,#2397)),.UNSPECIFIED.,.F.,.F.,.F.,(4,1,4),(4,4),(0.,
0.571428571428571,1.),(0.,1.),.UNSPECIFIED.);
#94=B_SPLINE_SURFACE_WITH_KNOTS('',3,3,((#2410,#2411,#2412,#2413),(#2414,
#2415,#2416,#2417),(#2418,#2419,#2420,#2421),(#2422,#2423,#2424,#2425)),
 .UNSPECIFIED.,.F.,.F.,.F.,(4,4),(4,4),(0.,1.),(0.,1.),.UNSPECIFIED.);
#95=B_SPLINE_SURFACE_WITH_KNOTS('',3,3,((#2551,#2552,#2553,#2554),(#2555,
#2556,#2557,#2558),(#2559,#2560,#2561,#2562),(#2563,#2564,#2565,#2566),
(#2567,#2568,#2569,#2570)),.UNSPECIFIED.,.F.,.F.,.F.,(4,1,4),(4,4),(0.,
0.571428571428571,1.),(0.,1.),.UNSPECIFIED.);
#96=B_SPLINE_SURFACE_WITH_KNOTS('',3,3,((#2599,#2600,#2601,#2602),(#2603,
#2604,#2605,#2606),(#2607,#2608,#2609,#2610),(#2611,#2612,#2613,#2614),
(#2615,#2616,#2617,#2618)),.UNSPECIFIED.,.F.,.F.,.F.,(4,1,4),(4,4),(0.,
0.571428571428571,1.),(0.,1.),.UNSPECIFIED.);
#97=B_SPLINE_SURFACE_WITH_KNOTS('',3,3,((#2631,#2632,#2633,#2634),(#2635,
#2636,#2637,#2638),(#2639,#2640,#2641,#2642),(#2643,#2644,#2645,#2646)),
 .UNSPECIFIED.,.F.,.F.,.F.,(4,4),(4,4),(0.,1.),(0.,1.),.UNSPECIFIED.);
#98=B_SPLINE_SURFACE_WITH_KNOTS('',3,3,((#2772,#2773,#2774,#2775),(#2776,
#2777,#2778,#2779),(#2780,#2781,#2782,#2783),(#2784,#2785,#2786,#2787),
(#2788,#2789,#2790,#2791)),.UNSPECIFIED.,.F.,.F.,.F.,(4,1,4),(4,4),(0.,
0.571428571428571,1.),(0.,1.),.UNSPECIFIED.);
#99=B_SPLINE_SURFACE_WITH_KNOTS('',3,3,((#2820,#2821,#2822,#2823),(#2824,
#2825,#2826,#2827),(#2828,#2829,#2830,#2831),(#2832,#2833,#2834,#2835),
(#2836,#2837,#2838,#2839)),.UNSPECIFIED.,.F.,.F.,.F.,(4,1,4),(4,4),(0.,
0.571428571428571,1.),(0.,1.),.UNSPECIFIED.);
#100=B_SPLINE_SURFACE_WITH_KNOTS('',3,3,((#2852,#2853,#2854,#2855),(#2856,
#2857,#2858,#2859),(#2860,#2861,#2862,#2863),(#2864,#2865,#2866,#2867)),
 .UNSPECIFIED.,.F.,.F.,.F.,(4,4),(4,4),(0.,1.),(0.,1.),.UNSPECIFIED.);
#101=B_SPLINE_SURFACE_WITH_KNOTS('',3,3,((#2993,#2994,#2995,#2996),(#2997,
#2998,#2999,#3000),(#3001,#3002,#3003,#3004),(#3005,#3006,#3007,#3008),
(#3009,#3010,#3011,#3012)),.UNSPECIFIED.,.F.,.F.,.F.,(4,1,4),(4,4),(0.,
0.571428571428571,1.),(0.,1.),.UNSPECIFIED.);
#102=B_SPLINE_SURFACE_WITH_KNOTS('',3,3,((#3041,#3042,#3043,#3044),(#3045,
#3046,#3047,#3048),(#3049,#3050,#3051,#3052),(#3053,#3054,#3055,#3056),
(#3057,#3058,#3059,#3060)),.UNSPECIFIED.,.F.,.F.,.F.,(4,1,4),(4,4),(0.,
0.571428571428571,1.),(0.,1.),.UNSPECIFIED.);
#103=B_SPLINE_SURFACE_WITH_KNOTS('',3,3,((#3073,#3074,#3075,#3076),(#3077,
#3078,#3079,#3080),(#3081,#3082,#3083,#3084),(#3085,#3086,#3087,#3088)),
 .UNSPECIFIED.,.F.,.F.,.F.,(4,4),(4,4),(0.,1.),(0.,1.),.UNSPECIFIED.);
#104=PLANE('',#1198);
#105=PLANE('',#1202);
#106=PLANE('',#1206);
#107=PLANE('',#1209);
#108=PLANE('',#1213);
#109=PLANE('',#1217);
#110=PLANE('',#1221);
#111=PLANE('',#1225);
#112=PLANE('',#1228);
#113=PLANE('',#1232);
#114=PLANE('',#1236);
#115=PLANE('',#1240);
#116=PLANE('',#1244);
#117=PLANE('',#1247);
#118=PLANE('',#1251);
#119=PLANE('',#1255);
#120=PLANE('',#1259);
#121=PLANE('',#1263);
#122=PLANE('',#1266);
#123=PLANE('',#1270);
#124=PLANE('',#1274);
#125=PLANE('',#1278);
#126=PLANE('',#1282);
#127=PLANE('',#1285);
#128=PLANE('',#1289);
#129=PLANE('',#1293);
#130=PLANE('',#1297);
#131=PLANE('',#1301);
#132=PLANE('',#1304);
#133=PLANE('',#1308);
#134=PLANE('',#1312);
#135=PLANE('',#1316);
#136=PLANE('',#1320);
#137=PLANE('',#1323);
#138=PLANE('',#1327);
#139=FACE_OUTER_BOUND('',#223,.T.);
#140=FACE_OUTER_BOUND('',#224,.T.);
#141=FACE_OUTER_BOUND('',#225,.T.);
#142=FACE_OUTER_BOUND('',#226,.T.);
#143=FACE_OUTER_BOUND('',#227,.T.);
#144=FACE_OUTER_BOUND('',#228,.T.);
#145=FACE_OUTER_BOUND('',#229,.T.);
#146=FACE_OUTER_BOUND('',#230,.T.);
#147=FACE_OUTER_BOUND('',#231,.T.);
#148=FACE_OUTER_BOUND('',#232,.T.);
#149=FACE_OUTER_BOUND('',#233,.T.);
#150=FACE_OUTER_BOUND('',#234,.T.);
#151=FACE_OUTER_BOUND('',#238,.T.);
#152=FACE_OUTER_BOUND('',#239,.T.);
#153=FACE_OUTER_BOUND('',#240,.T.);
#154=FACE_OUTER_BOUND('',#241,.T.);
#155=FACE_OUTER_BOUND('',#242,.T.);
#156=FACE_OUTER_BOUND('',#243,.T.);
#157=FACE_OUTER_BOUND('',#244,.T.);
#158=FACE_OUTER_BOUND('',#245,.T.);
#159=FACE_OUTER_BOUND('',#246,.T.);
#160=FACE_OUTER_BOUND('',#247,.T.);
#161=FACE_OUTER_BOUND('',#248,.T.);
#162=FACE_OUTER_BOUND('',#249,.T.);
#163=FACE_OUTER_BOUND('',#253,.T.);
#164=FACE_OUTER_BOUND('',#254,.T.);
#165=FACE_OUTER_BOUND('',#255,.T.);
#166=FACE_OUTER_BOUND('',#256,.T.);
#167=FACE_OUTER_BOUND('',#257,.T.);
#168=FACE_OUTER_BOUND('',#258,.T.);
#169=FACE_OUTER_BOUND('',#259,.T.);
#170=FACE_OUTER_BOUND('',#260,.T.);
#171=FACE_OUTER_BOUND('',#261,.T.);
#172=FACE_OUTER_BOUND('',#262,.T.);
#173=FACE_OUTER_BOUND('',#263,.T.);
#174=FACE_OUTER_BOUND('',#264,.T.);
#175=FACE_OUTER_BOUND('',#268,.T.);
#176=FACE_OUTER_BOUND('',#269,.T.);
#177=FACE_OUTER_BOUND('',#270,.T.);
#178=FACE_OUTER_BOUND('',#271,.T.);
#179=FACE_OUTER_BOUND('',#272,.T.);
#180=FACE_OUTER_BOUND('',#273,.T.);
#181=FACE_OUTER_BOUND('',#274,.T.);
#182=FACE_OUTER_BOUND('',#275,.T.);
#183=FACE_OUTER_BOUND('',#276,.T.);
#184=FACE_OUTER_BOUND('',#277,.T.);
#185=FACE_OUTER_BOUND('',#278,.T.);
#186=FACE_OUTER_BOUND('',#279,.T.);
#187=FACE_OUTER_BOUND('',#283,.T.);
#188=FACE_OUTER_BOUND('',#284,.T.);
#189=FACE_OUTER_BOUND('',#285,.T.);
#190=FACE_OUTER_BOUND('',#286,.T.);
#191=FACE_OUTER_BOUND('',#287,.T.);
#192=FACE_OUTER_BOUND('',#288,.T.);
#193=FACE_OUTER_BOUND('',#289,.T.);
#194=FACE_OUTER_BOUND('',#290,.T.);
#195=FACE_OUTER_BOUND('',#291,.T.);
#196=FACE_OUTER_BOUND('',#292,.T.);
#197=FACE_OUTER_BOUND('',#293,.T.);
#198=FACE_OUTER_BOUND('',#294,.T.);
#199=FACE_OUTER_BOUND('',#298,.T.);
#200=FACE_OUTER_BOUND('',#299,.T.);
#201=FACE_OUTER_BOUND('',#300,.T.);
#202=FACE_OUTER_BOUND('',#301,.T.);
#203=FACE_OUTER_BOUND('',#302,.T.);
#204=FACE_OUTER_BOUND('',#303,.T.);
#205=FACE_OUTER_BOUND('',#304,.T.);
#206=FACE_OUTER_BOUND('',#305,.T.);
#207=FACE_OUTER_BOUND('',#306,.T.);
#208=FACE_OUTER_BOUND('',#307,.T.);
#209=FACE_OUTER_BOUND('',#308,.T.);
#210=FACE_OUTER_BOUND('',#309,.T.);
#211=FACE_OUTER_BOUND('',#313,.T.);
#212=FACE_OUTER_BOUND('',#314,.T.);
#213=FACE_OUTER_BOUND('',#315,.T.);
#214=FACE_OUTER_BOUND('',#316,.T.);
#215=FACE_OUTER_BOUND('',#317,.T.);
#216=FACE_OUTER_BOUND('',#318,.T.);
#217=FACE_OUTER_BOUND('',#319,.T.);
#218=FACE_OUTER_BOUND('',#320,.T.);
#219=FACE_OUTER_BOUND('',#321,.T.);
#220=FACE_OUTER_BOUND('',#322,.T.);
#221=FACE_OUTER_BOUND('',#323,.T.);
#222=FACE_OUTER_BOUND('',#324,.T.);
#223=EDGE_LOOP('',(#762,#763,#764,#765));
#224=EDGE_LOOP('',(#766));
#225=EDGE_LOOP('',(#767,#768,#769,#770));
#226=EDGE_LOOP('',(#771));
#227=EDGE_LOOP('',(#772,#773,#774,#775));
#228=EDGE_LOOP('',(#776));
#229=EDGE_LOOP('',(#777,#778,#779,#780));
#230=EDGE_LOOP('',(#781,#782,#783,#784));
#231=EDGE_LOOP('',(#785,#786,#787,#788));
#232=EDGE_LOOP('',(#789,#790,#791,#792));
#233=EDGE_LOOP('',(#793,#794,#795,#796,#797,#798));
#234=EDGE_LOOP('',(#799,#800,#801,#802));
#235=EDGE_LOOP('',(#803));
#236=EDGE_LOOP('',(#804));
#237=EDGE_LOOP('',(#805));
#238=EDGE_LOOP('',(#806,#807,#808,#809));
#239=EDGE_LOOP('',(#810));
#240=EDGE_LOOP('',(#811,#812,#813,#814));
#241=EDGE_LOOP('',(#815));
#242=EDGE_LOOP('',(#816,#817,#818,#819));
#243=EDGE_LOOP('',(#820));
#244=EDGE_LOOP('',(#821,#822,#823,#824));
#245=EDGE_LOOP('',(#825,#826,#827,#828));
#246=EDGE_LOOP('',(#829,#830,#831,#832));
#247=EDGE_LOOP('',(#833,#834,#835,#836));
#248=EDGE_LOOP('',(#837,#838,#839,#840,#841,#842));
#249=EDGE_LOOP('',(#843,#844,#845,#846));
#250=EDGE_LOOP('',(#847));
#251=EDGE_LOOP('',(#848));
#252=EDGE_LOOP('',(#849));
#253=EDGE_LOOP('',(#850,#851,#852,#853));
#254=EDGE_LOOP('',(#854));
#255=EDGE_LOOP('',(#855,#856,#857,#858));
#256=EDGE_LOOP('',(#859));
#257=EDGE_LOOP('',(#860,#861,#862,#863));
#258=EDGE_LOOP('',(#864));
#259=EDGE_LOOP('',(#865,#866,#867,#868));
#260=EDGE_LOOP('',(#869,#870,#871,#872));
#261=EDGE_LOOP('',(#873,#874,#875,#876));
#262=EDGE_LOOP('',(#877,#878,#879,#880));
#263=EDGE_LOOP('',(#881,#882,#883,#884,#885,#886));
#264=EDGE_LOOP('',(#887,#888,#889,#890));
#265=EDGE_LOOP('',(#891));
#266=EDGE_LOOP('',(#892));
#267=EDGE_LOOP('',(#893));
#268=EDGE_LOOP('',(#894,#895,#896,#897));
#269=EDGE_LOOP('',(#898));
#270=EDGE_LOOP('',(#899,#900,#901,#902));
#271=EDGE_LOOP('',(#903));
#272=EDGE_LOOP('',(#904,#905,#906,#907));
#273=EDGE_LOOP('',(#908));
#274=EDGE_LOOP('',(#909,#910,#911,#912));
#275=EDGE_LOOP('',(#913,#914,#915,#916));
#276=EDGE_LOOP('',(#917,#918,#919,#920));
#277=EDGE_LOOP('',(#921,#922,#923,#924));
#278=EDGE_LOOP('',(#925,#926,#927,#928,#929,#930));
#279=EDGE_LOOP('',(#931,#932,#933,#934));
#280=EDGE_LOOP('',(#935));
#281=EDGE_LOOP('',(#936));
#282=EDGE_LOOP('',(#937));
#283=EDGE_LOOP('',(#938,#939,#940,#941));
#284=EDGE_LOOP('',(#942));
#285=EDGE_LOOP('',(#943,#944,#945,#946));
#286=EDGE_LOOP('',(#947));
#287=EDGE_LOOP('',(#948,#949,#950,#951));
#288=EDGE_LOOP('',(#952));
#289=EDGE_LOOP('',(#953,#954,#955,#956));
#290=EDGE_LOOP('',(#957,#958,#959,#960));
#291=EDGE_LOOP('',(#961,#962,#963,#964));
#292=EDGE_LOOP('',(#965,#966,#967,#968));
#293=EDGE_LOOP('',(#969,#970,#971,#972,#973,#974));
#294=EDGE_LOOP('',(#975,#976,#977,#978));
#295=EDGE_LOOP('',(#979));
#296=EDGE_LOOP('',(#980));
#297=EDGE_LOOP('',(#981));
#298=EDGE_LOOP('',(#982,#983,#984,#985));
#299=EDGE_LOOP('',(#986));
#300=EDGE_LOOP('',(#987,#988,#989,#990));
#301=EDGE_LOOP('',(#991));
#302=EDGE_LOOP('',(#992,#993,#994,#995));
#303=EDGE_LOOP('',(#996));
#304=EDGE_LOOP('',(#997,#998,#999,#1000));
#305=EDGE_LOOP('',(#1001,#1002,#1003,#1004));
#306=EDGE_LOOP('',(#1005,#1006,#1007,#1008));
#307=EDGE_LOOP('',(#1009,#1010,#1011,#1012));
#308=EDGE_LOOP('',(#1013,#1014,#1015,#1016,#1017,#1018));
#309=EDGE_LOOP('',(#1019,#1020,#1021,#1022));
#310=EDGE_LOOP('',(#1023));
#311=EDGE_LOOP('',(#1024));
#312=EDGE_LOOP('',(#1025));
#313=EDGE_LOOP('',(#1026,#1027,#1028,#1029));
#314=EDGE_LOOP('',(#1030));
#315=EDGE_LOOP('',(#1031,#1032,#1033,#1034));
#316=EDGE_LOOP('',(#1035));
#317=EDGE_LOOP('',(#1036,#1037,#1038,#1039));
#318=EDGE_LOOP('',(#1040));
#319=EDGE_LOOP('',(#1041,#1042,#1043,#1044));
#320=EDGE_LOOP('',(#1045,#1046,#1047,#1048));
#321=EDGE_LOOP('',(#1049,#1050,#1051,#1052));
#322=EDGE_LOOP('',(#1053,#1054,#1055,#1056));
#323=EDGE_LOOP('',(#1057,#1058,#1059,#1060,#1061,#1062));
#324=EDGE_LOOP('',(#1063,#1064,#1065,#1066));
#325=EDGE_LOOP('',(#1067));
#326=EDGE_LOOP('',(#1068));
#327=EDGE_LOOP('',(#1069));
#328=LINE('',#1650,#377);
#329=LINE('',#1657,#378);
#330=LINE('',#1664,#379);
#331=LINE('',#1700,#380);
#332=LINE('',#1713,#381);
#333=LINE('',#1745,#382);
#334=LINE('',#1763,#383);
#335=LINE('',#1871,#384);
#336=LINE('',#1878,#385);
#337=LINE('',#1885,#386);
#338=LINE('',#1921,#387);
#339=LINE('',#1934,#388);
#340=LINE('',#1966,#389);
#341=LINE('',#1984,#390);
#342=LINE('',#2092,#391);
#343=LINE('',#2099,#392);
#344=LINE('',#2106,#393);
#345=LINE('',#2142,#394);
#346=LINE('',#2155,#395);
#347=LINE('',#2187,#396);
#348=LINE('',#2205,#397);
#349=LINE('',#2313,#398);
#350=LINE('',#2320,#399);
#351=LINE('',#2327,#400);
#352=LINE('',#2363,#401);
#353=LINE('',#2376,#402);
#354=LINE('',#2408,#403);
#355=LINE('',#2426,#404);
#356=LINE('',#2534,#405);
#357=LINE('',#2541,#406);
#358=LINE('',#2548,#407);
#359=LINE('',#2584,#408);
#360=LINE('',#2597,#409);
#361=LINE('',#2629,#410);
#362=LINE('',#2647,#411);
#363=LINE('',#2755,#412);
#364=LINE('',#2762,#413);
#365=LINE('',#2769,#414);
#366=LINE('',#2805,#415);
#367=LINE('',#2818,#416);
#368=LINE('',#2850,#417);
#369=LINE('',#2868,#418);
#370=LINE('',#2976,#419);
#371=LINE('',#2983,#420);
#372=LINE('',#2990,#421);
#373=LINE('',#3026,#422);
#374=LINE('',#3039,#423);
#375=LINE('',#3071,#424);
#376=LINE('',#3089,#425);
#377=VECTOR('',#1334,0.8);
#378=VECTOR('',#1343,1.05);
#379=VECTOR('',#1352,1.05);
#380=VECTOR('',#1359,18.7730787610163);
#381=VECTOR('',#1364,10.);
#382=VECTOR('',#1367,18.6423238025569);
#383=VECTOR('',#1370,10.);
#384=VECTOR('',#1379,0.8);
#385=VECTOR('',#1388,1.05);
#386=VECTOR('',#1397,1.05);
#387=VECTOR('',#1404,18.7730787610163);
#388=VECTOR('',#1409,10.);
#389=VECTOR('',#1412,18.6423238025569);
#390=VECTOR('',#1415,10.);
#391=VECTOR('',#1424,0.8);
#392=VECTOR('',#1433,1.05);
#393=VECTOR('',#1442,1.05);
#394=VECTOR('',#1449,18.7730787610163);
#395=VECTOR('',#1454,10.);
#396=VECTOR('',#1457,18.6423238025569);
#397=VECTOR('',#1460,10.);
#398=VECTOR('',#1469,0.8);
#399=VECTOR('',#1478,1.05);
#400=VECTOR('',#1487,1.05);
#401=VECTOR('',#1494,18.7730787610163);
#402=VECTOR('',#1499,10.);
#403=VECTOR('',#1502,18.6423238025569);
#404=VECTOR('',#1505,10.);
#405=VECTOR('',#1514,0.8);
#406=VECTOR('',#1523,1.05);
#407=VECTOR('',#1532,1.05);
#408=VECTOR('',#1539,18.7730787610163);
#409=VECTOR('',#1544,10.);
#410=VECTOR('',#1547,18.6423238025569);
#411=VECTOR('',#1550,10.);
#412=VECTOR('',#1559,0.8);
#413=VECTOR('',#1568,1.05);
#414=VECTOR('',#1577,1.05);
#415=VECTOR('',#1584,18.7730787610163);
#416=VECTOR('',#1589,10.);
#417=VECTOR('',#1592,18.6423238025569);
#418=VECTOR('',#1595,10.);
#419=VECTOR('',#1604,0.8);
#420=VECTOR('',#1613,1.05);
#421=VECTOR('',#1622,1.05);
#422=VECTOR('',#1629,18.7730787610163);
#423=VECTOR('',#1634,10.);
#424=VECTOR('',#1637,18.6423238025569);
#425=VECTOR('',#1640,10.);
#426=CIRCLE('',#1196,0.8);
#427=CIRCLE('',#1197,0.8);
#428=CIRCLE('',#1200,1.05);
#429=CIRCLE('',#1201,1.05);
#430=CIRCLE('',#1204,1.05);
#431=CIRCLE('',#1205,1.05);
#432=CIRCLE('',#1207,14.9175381135974);
#433=CIRCLE('',#1208,13.633185523405);
#434=CIRCLE('',#1210,12.133185523405);
#435=CIRCLE('',#1211,13.4175381135974);
#436=CIRCLE('',#1212,7.5);
#437=CIRCLE('',#1215,0.8);
#438=CIRCLE('',#1216,0.8);
#439=CIRCLE('',#1219,1.05);
#440=CIRCLE('',#1220,1.05);
#441=CIRCLE('',#1223,1.05);
#442=CIRCLE('',#1224,1.05);
#443=CIRCLE('',#1226,14.9175381135974);
#444=CIRCLE('',#1227,13.633185523405);
#445=CIRCLE('',#1229,12.133185523405);
#446=CIRCLE('',#1230,13.4175381135974);
#447=CIRCLE('',#1231,7.5);
#448=CIRCLE('',#1234,0.8);
#449=CIRCLE('',#1235,0.8);
#450=CIRCLE('',#1238,1.05);
#451=CIRCLE('',#1239,1.05);
#452=CIRCLE('',#1242,1.05);
#453=CIRCLE('',#1243,1.05);
#454=CIRCLE('',#1245,14.9175381135974);
#455=CIRCLE('',#1246,13.633185523405);
#456=CIRCLE('',#1248,12.133185523405);
#457=CIRCLE('',#1249,13.4175381135974);
#458=CIRCLE('',#1250,7.5);
#459=CIRCLE('',#1253,0.8);
#460=CIRCLE('',#1254,0.8);
#461=CIRCLE('',#1257,1.05);
#462=CIRCLE('',#1258,1.05);
#463=CIRCLE('',#1261,1.05);
#464=CIRCLE('',#1262,1.05);
#465=CIRCLE('',#1264,14.9175381135974);
#466=CIRCLE('',#1265,13.633185523405);
#467=CIRCLE('',#1267,12.133185523405);
#468=CIRCLE('',#1268,13.4175381135974);
#469=CIRCLE('',#1269,7.5);
#470=CIRCLE('',#1272,0.8);
#471=CIRCLE('',#1273,0.8);
#472=CIRCLE('',#1276,1.05);
#473=CIRCLE('',#1277,1.05);
#474=CIRCLE('',#1280,1.05);
#475=CIRCLE('',#1281,1.05);
#476=CIRCLE('',#1283,14.9175381135974);
#477=CIRCLE('',#1284,13.633185523405);
#478=CIRCLE('',#1286,12.133185523405);
#479=CIRCLE('',#1287,13.4175381135974);
#480=CIRCLE('',#1288,7.5);
#481=CIRCLE('',#1291,0.8);
#482=CIRCLE('',#1292,0.8);
#483=CIRCLE('',#1295,1.05);
#484=CIRCLE('',#1296,1.05);
#485=CIRCLE('',#1299,1.05);
#486=CIRCLE('',#1300,1.05);
#487=CIRCLE('',#1302,14.9175381135974);
#488=CIRCLE('',#1303,13.633185523405);
#489=CIRCLE('',#1305,12.133185523405);
#490=CIRCLE('',#1306,13.4175381135974);
#491=CIRCLE('',#1307,7.5);
#492=CIRCLE('',#1310,0.8);
#493=CIRCLE('',#1311,0.8);
#494=CIRCLE('',#1314,1.05);
#495=CIRCLE('',#1315,1.05);
#496=CIRCLE('',#1318,1.05);
#497=CIRCLE('',#1319,1.05);
#498=CIRCLE('',#1321,14.9175381135974);
#499=CIRCLE('',#1322,13.633185523405);
#500=CIRCLE('',#1324,12.133185523405);
#501=CIRCLE('',#1325,13.4175381135974);
#502=CIRCLE('',#1326,7.5);
#503=VERTEX_POINT('',#1647);
#504=VERTEX_POINT('',#1649);
#505=VERTEX_POINT('',#1654);
#506=VERTEX_POINT('',#1656);
#507=VERTEX_POINT('',#1661);
#508=VERTEX_POINT('',#1663);
#509=VERTEX_POINT('',#1687);
#510=VERTEX_POINT('',#1688);
#511=VERTEX_POINT('',#1697);
#512=VERTEX_POINT('',#1699);
#513=VERTEX_POINT('',#1703);
#514=VERTEX_POINT('',#1712);
#515=VERTEX_POINT('',#1735);
#516=VERTEX_POINT('',#1744);
#517=VERTEX_POINT('',#1854);
#518=VERTEX_POINT('',#1868);
#519=VERTEX_POINT('',#1870);
#520=VERTEX_POINT('',#1875);
#521=VERTEX_POINT('',#1877);
#522=VERTEX_POINT('',#1882);
#523=VERTEX_POINT('',#1884);
#524=VERTEX_POINT('',#1908);
#525=VERTEX_POINT('',#1909);
#526=VERTEX_POINT('',#1918);
#527=VERTEX_POINT('',#1920);
#528=VERTEX_POINT('',#1924);
#529=VERTEX_POINT('',#1933);
#530=VERTEX_POINT('',#1956);
#531=VERTEX_POINT('',#1965);
#532=VERTEX_POINT('',#2075);
#533=VERTEX_POINT('',#2089);
#534=VERTEX_POINT('',#2091);
#535=VERTEX_POINT('',#2096);
#536=VERTEX_POINT('',#2098);
#537=VERTEX_POINT('',#2103);
#538=VERTEX_POINT('',#2105);
#539=VERTEX_POINT('',#2129);
#540=VERTEX_POINT('',#2130);
#541=VERTEX_POINT('',#2139);
#542=VERTEX_POINT('',#2141);
#543=VERTEX_POINT('',#2145);
#544=VERTEX_POINT('',#2154);
#545=VERTEX_POINT('',#2177);
#546=VERTEX_POINT('',#2186);
#547=VERTEX_POINT('',#2296);
#548=VERTEX_POINT('',#2310);
#549=VERTEX_POINT('',#2312);
#550=VERTEX_POINT('',#2317);
#551=VERTEX_POINT('',#2319);
#552=VERTEX_POINT('',#2324);
#553=VERTEX_POINT('',#2326);
#554=VERTEX_POINT('',#2350);
#555=VERTEX_POINT('',#2351);
#556=VERTEX_POINT('',#2360);
#557=VERTEX_POINT('',#2362);
#558=VERTEX_POINT('',#2366);
#559=VERTEX_POINT('',#2375);
#560=VERTEX_POINT('',#2398);
#561=VERTEX_POINT('',#2407);
#562=VERTEX_POINT('',#2517);
#563=VERTEX_POINT('',#2531);
#564=VERTEX_POINT('',#2533);
#565=VERTEX_POINT('',#2538);
#566=VERTEX_POINT('',#2540);
#567=VERTEX_POINT('',#2545);
#568=VERTEX_POINT('',#2547);
#569=VERTEX_POINT('',#2571);
#570=VERTEX_POINT('',#2572);
#571=VERTEX_POINT('',#2581);
#572=VERTEX_POINT('',#2583);
#573=VERTEX_POINT('',#2587);
#574=VERTEX_POINT('',#2596);
#575=VERTEX_POINT('',#2619);
#576=VERTEX_POINT('',#2628);
#577=VERTEX_POINT('',#2738);
#578=VERTEX_POINT('',#2752);
#579=VERTEX_POINT('',#2754);
#580=VERTEX_POINT('',#2759);
#581=VERTEX_POINT('',#2761);
#582=VERTEX_POINT('',#2766);
#583=VERTEX_POINT('',#2768);
#584=VERTEX_POINT('',#2792);
#585=VERTEX_POINT('',#2793);
#586=VERTEX_POINT('',#2802);
#587=VERTEX_POINT('',#2804);
#588=VERTEX_POINT('',#2808);
#589=VERTEX_POINT('',#2817);
#590=VERTEX_POINT('',#2840);
#591=VERTEX_POINT('',#2849);
#592=VERTEX_POINT('',#2959);
#593=VERTEX_POINT('',#2973);
#594=VERTEX_POINT('',#2975);
#595=VERTEX_POINT('',#2980);
#596=VERTEX_POINT('',#2982);
#597=VERTEX_POINT('',#2987);
#598=VERTEX_POINT('',#2989);
#599=VERTEX_POINT('',#3013);
#600=VERTEX_POINT('',#3014);
#601=VERTEX_POINT('',#3023);
#602=VERTEX_POINT('',#3025);
#603=VERTEX_POINT('',#3029);
#604=VERTEX_POINT('',#3038);
#605=VERTEX_POINT('',#3061);
#606=VERTEX_POINT('',#3070);
#607=VERTEX_POINT('',#3180);
#608=EDGE_CURVE('',#503,#503,#426,.T.);
#609=EDGE_CURVE('',#503,#504,#328,.T.);
#610=EDGE_CURVE('',#504,#504,#427,.T.);
#611=EDGE_CURVE('',#505,#505,#428,.T.);
#612=EDGE_CURVE('',#505,#506,#329,.T.);
#613=EDGE_CURVE('',#506,#506,#429,.T.);
#614=EDGE_CURVE('',#507,#507,#430,.T.);
#615=EDGE_CURVE('',#507,#508,#330,.T.);
#616=EDGE_CURVE('',#508,#508,#431,.T.);
#617=EDGE_CURVE('',#509,#510,#62,.T.);
#618=EDGE_CURVE('',#511,#509,#432,.T.);
#619=EDGE_CURVE('',#511,#512,#331,.T.);
#620=EDGE_CURVE('',#512,#510,#433,.T.);
#621=EDGE_CURVE('',#510,#513,#63,.T.);
#622=EDGE_CURVE('',#514,#512,#332,.T.);
#623=EDGE_CURVE('',#513,#514,#434,.T.);
#624=EDGE_CURVE('',#513,#515,#64,.T.);
#625=EDGE_CURVE('',#516,#514,#333,.T.);
#626=EDGE_CURVE('',#515,#516,#435,.T.);
#627=EDGE_CURVE('',#516,#511,#334,.T.);
#628=EDGE_CURVE('',#517,#515,#48,.T.);
#629=EDGE_CURVE('',#509,#515,#436,.T.);
#630=EDGE_CURVE('',#518,#518,#437,.T.);
#631=EDGE_CURVE('',#518,#519,#335,.T.);
#632=EDGE_CURVE('',#519,#519,#438,.T.);
#633=EDGE_CURVE('',#520,#520,#439,.T.);
#634=EDGE_CURVE('',#520,#521,#336,.T.);
#635=EDGE_CURVE('',#521,#521,#440,.T.);
#636=EDGE_CURVE('',#522,#522,#441,.T.);
#637=EDGE_CURVE('',#522,#523,#337,.T.);
#638=EDGE_CURVE('',#523,#523,#442,.T.);
#639=EDGE_CURVE('',#524,#525,#65,.T.);
#640=EDGE_CURVE('',#526,#524,#443,.T.);
#641=EDGE_CURVE('',#526,#527,#338,.T.);
#642=EDGE_CURVE('',#527,#525,#444,.T.);
#643=EDGE_CURVE('',#525,#528,#66,.T.);
#644=EDGE_CURVE('',#529,#527,#339,.T.);
#645=EDGE_CURVE('',#528,#529,#445,.T.);
#646=EDGE_CURVE('',#528,#530,#67,.T.);
#647=EDGE_CURVE('',#531,#529,#340,.T.);
#648=EDGE_CURVE('',#530,#531,#446,.T.);
#649=EDGE_CURVE('',#531,#526,#341,.T.);
#650=EDGE_CURVE('',#532,#530,#49,.T.);
#651=EDGE_CURVE('',#524,#530,#447,.T.);
#652=EDGE_CURVE('',#533,#533,#448,.T.);
#653=EDGE_CURVE('',#533,#534,#342,.T.);
#654=EDGE_CURVE('',#534,#534,#449,.T.);
#655=EDGE_CURVE('',#535,#535,#450,.T.);
#656=EDGE_CURVE('',#535,#536,#343,.T.);
#657=EDGE_CURVE('',#536,#536,#451,.T.);
#658=EDGE_CURVE('',#537,#537,#452,.T.);
#659=EDGE_CURVE('',#537,#538,#344,.T.);
#660=EDGE_CURVE('',#538,#538,#453,.T.);
#661=EDGE_CURVE('',#539,#540,#68,.T.);
#662=EDGE_CURVE('',#541,#539,#454,.T.);
#663=EDGE_CURVE('',#541,#542,#345,.T.);
#664=EDGE_CURVE('',#542,#540,#455,.T.);
#665=EDGE_CURVE('',#540,#543,#69,.T.);
#666=EDGE_CURVE('',#544,#542,#346,.T.);
#667=EDGE_CURVE('',#543,#544,#456,.T.);
#668=EDGE_CURVE('',#543,#545,#70,.T.);
#669=EDGE_CURVE('',#546,#544,#347,.T.);
#670=EDGE_CURVE('',#545,#546,#457,.T.);
#671=EDGE_CURVE('',#546,#541,#348,.T.);
#672=EDGE_CURVE('',#547,#545,#50,.T.);
#673=EDGE_CURVE('',#539,#545,#458,.T.);
#674=EDGE_CURVE('',#548,#548,#459,.T.);
#675=EDGE_CURVE('',#548,#549,#349,.T.);
#676=EDGE_CURVE('',#549,#549,#460,.T.);
#677=EDGE_CURVE('',#550,#550,#461,.T.);
#678=EDGE_CURVE('',#550,#551,#350,.T.);
#679=EDGE_CURVE('',#551,#551,#462,.T.);
#680=EDGE_CURVE('',#552,#552,#463,.T.);
#681=EDGE_CURVE('',#552,#553,#351,.T.);
#682=EDGE_CURVE('',#553,#553,#464,.T.);
#683=EDGE_CURVE('',#554,#555,#71,.T.);
#684=EDGE_CURVE('',#556,#554,#465,.T.);
#685=EDGE_CURVE('',#556,#557,#352,.T.);
#686=EDGE_CURVE('',#557,#555,#466,.T.);
#687=EDGE_CURVE('',#555,#558,#72,.T.);
#688=EDGE_CURVE('',#559,#557,#353,.T.);
#689=EDGE_CURVE('',#558,#559,#467,.T.);
#690=EDGE_CURVE('',#558,#560,#73,.T.);
#691=EDGE_CURVE('',#561,#559,#354,.T.);
#692=EDGE_CURVE('',#560,#561,#468,.T.);
#693=EDGE_CURVE('',#561,#556,#355,.T.);
#694=EDGE_CURVE('',#562,#560,#51,.T.);
#695=EDGE_CURVE('',#554,#560,#469,.T.);
#696=EDGE_CURVE('',#563,#563,#470,.T.);
#697=EDGE_CURVE('',#563,#564,#356,.T.);
#698=EDGE_CURVE('',#564,#564,#471,.T.);
#699=EDGE_CURVE('',#565,#565,#472,.T.);
#700=EDGE_CURVE('',#565,#566,#357,.T.);
#701=EDGE_CURVE('',#566,#566,#473,.T.);
#702=EDGE_CURVE('',#567,#567,#474,.T.);
#703=EDGE_CURVE('',#567,#568,#358,.T.);
#704=EDGE_CURVE('',#568,#568,#475,.T.);
#705=EDGE_CURVE('',#569,#570,#74,.T.);
#706=EDGE_CURVE('',#571,#569,#476,.T.);
#707=EDGE_CURVE('',#571,#572,#359,.T.);
#708=EDGE_CURVE('',#572,#570,#477,.T.);
#709=EDGE_CURVE('',#570,#573,#75,.T.);
#710=EDGE_CURVE('',#574,#572,#360,.T.);
#711=EDGE_CURVE('',#573,#574,#478,.T.);
#712=EDGE_CURVE('',#573,#575,#76,.T.);
#713=EDGE_CURVE('',#576,#574,#361,.T.);
#714=EDGE_CURVE('',#575,#576,#479,.T.);
#715=EDGE_CURVE('',#576,#571,#362,.T.);
#716=EDGE_CURVE('',#577,#575,#52,.T.);
#717=EDGE_CURVE('',#569,#575,#480,.T.);
#718=EDGE_CURVE('',#578,#578,#481,.T.);
#719=EDGE_CURVE('',#578,#579,#363,.T.);
#720=EDGE_CURVE('',#579,#579,#482,.T.);
#721=EDGE_CURVE('',#580,#580,#483,.T.);
#722=EDGE_CURVE('',#580,#581,#364,.T.);
#723=EDGE_CURVE('',#581,#581,#484,.T.);
#724=EDGE_CURVE('',#582,#582,#485,.T.);
#725=EDGE_CURVE('',#582,#583,#365,.T.);
#726=EDGE_CURVE('',#583,#583,#486,.T.);
#727=EDGE_CURVE('',#584,#585,#77,.T.);
#728=EDGE_CURVE('',#586,#584,#487,.T.);
#729=EDGE_CURVE('',#586,#587,#366,.T.);
#730=EDGE_CURVE('',#587,#585,#488,.T.);
#731=EDGE_CURVE('',#585,#588,#78,.T.);
#732=EDGE_CURVE('',#589,#587,#367,.T.);
#733=EDGE_CURVE('',#588,#589,#489,.T.);
#734=EDGE_CURVE('',#588,#590,#79,.T.);
#735=EDGE_CURVE('',#591,#589,#368,.T.);
#736=EDGE_CURVE('',#590,#591,#490,.T.);
#737=EDGE_CURVE('',#591,#586,#369,.T.);
#738=EDGE_CURVE('',#592,#590,#53,.T.);
#739=EDGE_CURVE('',#584,#590,#491,.T.);
#740=EDGE_CURVE('',#593,#593,#492,.T.);
#741=EDGE_CURVE('',#593,#594,#370,.T.);
#742=EDGE_CURVE('',#594,#594,#493,.T.);
#743=EDGE_CURVE('',#595,#595,#494,.T.);
#744=EDGE_CURVE('',#595,#596,#371,.T.);
#745=EDGE_CURVE('',#596,#596,#495,.T.);
#746=EDGE_CURVE('',#597,#597,#496,.T.);
#747=EDGE_CURVE('',#597,#598,#372,.T.);
#748=EDGE_CURVE('',#598,#598,#497,.T.);
#749=EDGE_CURVE('',#599,#600,#80,.T.);
#750=EDGE_CURVE('',#601,#599,#498,.T.);
#751=EDGE_CURVE('',#601,#602,#373,.T.);
#752=EDGE_CURVE('',#602,#600,#499,.T.);
#753=EDGE_CURVE('',#600,#603,#81,.T.);
#754=EDGE_CURVE('',#604,#602,#374,.T.);
#755=EDGE_CURVE('',#603,#604,#500,.T.);
#756=EDGE_CURVE('',#603,#605,#82,.T.);
#757=EDGE_CURVE('',#606,#604,#375,.T.);
#758=EDGE_CURVE('',#605,#606,#501,.T.);
#759=EDGE_CURVE('',#606,#601,#376,.T.);
#760=EDGE_CURVE('',#607,#605,#54,.T.);
#761=EDGE_CURVE('',#599,#605,#502,.T.);
#762=ORIENTED_EDGE('',*,*,#608,.F.);
#763=ORIENTED_EDGE('',*,*,#609,.T.);
#764=ORIENTED_EDGE('',*,*,#610,.T.);
#765=ORIENTED_EDGE('',*,*,#609,.F.);
#766=ORIENTED_EDGE('',*,*,#610,.F.);
#767=ORIENTED_EDGE('',*,*,#611,.F.);
#768=ORIENTED_EDGE('',*,*,#612,.T.);
#769=ORIENTED_EDGE('',*,*,#613,.T.);
#770=ORIENTED_EDGE('',*,*,#612,.F.);
#771=ORIENTED_EDGE('',*,*,#613,.F.);
#772=ORIENTED_EDGE('',*,*,#614,.F.);
#773=ORIENTED_EDGE('',*,*,#615,.T.);
#774=ORIENTED_EDGE('',*,*,#616,.T.);
#775=ORIENTED_EDGE('',*,*,#615,.F.);
#776=ORIENTED_EDGE('',*,*,#616,.F.);
#777=ORIENTED_EDGE('',*,*,#617,.F.);
#778=ORIENTED_EDGE('',*,*,#618,.F.);
#779=ORIENTED_EDGE('',*,*,#619,.T.);
#780=ORIENTED_EDGE('',*,*,#620,.T.);
#781=ORIENTED_EDGE('',*,*,#621,.F.);
#782=ORIENTED_EDGE('',*,*,#620,.F.);
#783=ORIENTED_EDGE('',*,*,#622,.F.);
#784=ORIENTED_EDGE('',*,*,#623,.F.);
#785=ORIENTED_EDGE('',*,*,#624,.F.);
#786=ORIENTED_EDGE('',*,*,#623,.T.);
#787=ORIENTED_EDGE('',*,*,#625,.F.);
#788=ORIENTED_EDGE('',*,*,#626,.F.);
#789=ORIENTED_EDGE('',*,*,#627,.F.);
#790=ORIENTED_EDGE('',*,*,#625,.T.);
#791=ORIENTED_EDGE('',*,*,#622,.T.);
#792=ORIENTED_EDGE('',*,*,#619,.F.);
#793=ORIENTED_EDGE('',*,*,#628,.F.);
#794=ORIENTED_EDGE('',*,*,#628,.T.);
#795=ORIENTED_EDGE('',*,*,#629,.F.);
#796=ORIENTED_EDGE('',*,*,#617,.T.);
#797=ORIENTED_EDGE('',*,*,#621,.T.);
#798=ORIENTED_EDGE('',*,*,#624,.T.);
#799=ORIENTED_EDGE('',*,*,#629,.T.);
#800=ORIENTED_EDGE('',*,*,#626,.T.);
#801=ORIENTED_EDGE('',*,*,#627,.T.);
#802=ORIENTED_EDGE('',*,*,#618,.T.);
#803=ORIENTED_EDGE('',*,*,#608,.T.);
#804=ORIENTED_EDGE('',*,*,#611,.T.);
#805=ORIENTED_EDGE('',*,*,#614,.T.);
#806=ORIENTED_EDGE('',*,*,#630,.F.);
#807=ORIENTED_EDGE('',*,*,#631,.T.);
#808=ORIENTED_EDGE('',*,*,#632,.T.);
#809=ORIENTED_EDGE('',*,*,#631,.F.);
#810=ORIENTED_EDGE('',*,*,#632,.F.);
#811=ORIENTED_EDGE('',*,*,#633,.F.);
#812=ORIENTED_EDGE('',*,*,#634,.T.);
#813=ORIENTED_EDGE('',*,*,#635,.T.);
#814=ORIENTED_EDGE('',*,*,#634,.F.);
#815=ORIENTED_EDGE('',*,*,#635,.F.);
#816=ORIENTED_EDGE('',*,*,#636,.F.);
#817=ORIENTED_EDGE('',*,*,#637,.T.);
#818=ORIENTED_EDGE('',*,*,#638,.T.);
#819=ORIENTED_EDGE('',*,*,#637,.F.);
#820=ORIENTED_EDGE('',*,*,#638,.F.);
#821=ORIENTED_EDGE('',*,*,#639,.F.);
#822=ORIENTED_EDGE('',*,*,#640,.F.);
#823=ORIENTED_EDGE('',*,*,#641,.T.);
#824=ORIENTED_EDGE('',*,*,#642,.T.);
#825=ORIENTED_EDGE('',*,*,#643,.F.);
#826=ORIENTED_EDGE('',*,*,#642,.F.);
#827=ORIENTED_EDGE('',*,*,#644,.F.);
#828=ORIENTED_EDGE('',*,*,#645,.F.);
#829=ORIENTED_EDGE('',*,*,#646,.F.);
#830=ORIENTED_EDGE('',*,*,#645,.T.);
#831=ORIENTED_EDGE('',*,*,#647,.F.);
#832=ORIENTED_EDGE('',*,*,#648,.F.);
#833=ORIENTED_EDGE('',*,*,#649,.F.);
#834=ORIENTED_EDGE('',*,*,#647,.T.);
#835=ORIENTED_EDGE('',*,*,#644,.T.);
#836=ORIENTED_EDGE('',*,*,#641,.F.);
#837=ORIENTED_EDGE('',*,*,#650,.F.);
#838=ORIENTED_EDGE('',*,*,#650,.T.);
#839=ORIENTED_EDGE('',*,*,#651,.F.);
#840=ORIENTED_EDGE('',*,*,#639,.T.);
#841=ORIENTED_EDGE('',*,*,#643,.T.);
#842=ORIENTED_EDGE('',*,*,#646,.T.);
#843=ORIENTED_EDGE('',*,*,#651,.T.);
#844=ORIENTED_EDGE('',*,*,#648,.T.);
#845=ORIENTED_EDGE('',*,*,#649,.T.);
#846=ORIENTED_EDGE('',*,*,#640,.T.);
#847=ORIENTED_EDGE('',*,*,#630,.T.);
#848=ORIENTED_EDGE('',*,*,#633,.T.);
#849=ORIENTED_EDGE('',*,*,#636,.T.);
#850=ORIENTED_EDGE('',*,*,#652,.F.);
#851=ORIENTED_EDGE('',*,*,#653,.T.);
#852=ORIENTED_EDGE('',*,*,#654,.T.);
#853=ORIENTED_EDGE('',*,*,#653,.F.);
#854=ORIENTED_EDGE('',*,*,#654,.F.);
#855=ORIENTED_EDGE('',*,*,#655,.F.);
#856=ORIENTED_EDGE('',*,*,#656,.T.);
#857=ORIENTED_EDGE('',*,*,#657,.T.);
#858=ORIENTED_EDGE('',*,*,#656,.F.);
#859=ORIENTED_EDGE('',*,*,#657,.F.);
#860=ORIENTED_EDGE('',*,*,#658,.F.);
#861=ORIENTED_EDGE('',*,*,#659,.T.);
#862=ORIENTED_EDGE('',*,*,#660,.T.);
#863=ORIENTED_EDGE('',*,*,#659,.F.);
#864=ORIENTED_EDGE('',*,*,#660,.F.);
#865=ORIENTED_EDGE('',*,*,#661,.F.);
#866=ORIENTED_EDGE('',*,*,#662,.F.);
#867=ORIENTED_EDGE('',*,*,#663,.T.);
#868=ORIENTED_EDGE('',*,*,#664,.T.);
#869=ORIENTED_EDGE('',*,*,#665,.F.);
#870=ORIENTED_EDGE('',*,*,#664,.F.);
#871=ORIENTED_EDGE('',*,*,#666,.F.);
#872=ORIENTED_EDGE('',*,*,#667,.F.);
#873=ORIENTED_EDGE('',*,*,#668,.F.);
#874=ORIENTED_EDGE('',*,*,#667,.T.);
#875=ORIENTED_EDGE('',*,*,#669,.F.);
#876=ORIENTED_EDGE('',*,*,#670,.F.);
#877=ORIENTED_EDGE('',*,*,#671,.F.);
#878=ORIENTED_EDGE('',*,*,#669,.T.);
#879=ORIENTED_EDGE('',*,*,#666,.T.);
#880=ORIENTED_EDGE('',*,*,#663,.F.);
#881=ORIENTED_EDGE('',*,*,#672,.F.);
#882=ORIENTED_EDGE('',*,*,#672,.T.);
#883=ORIENTED_EDGE('',*,*,#673,.F.);
#884=ORIENTED_EDGE('',*,*,#661,.T.);
#885=ORIENTED_EDGE('',*,*,#665,.T.);
#886=ORIENTED_EDGE('',*,*,#668,.T.);
#887=ORIENTED_EDGE('',*,*,#673,.T.);
#888=ORIENTED_EDGE('',*,*,#670,.T.);
#889=ORIENTED_EDGE('',*,*,#671,.T.);
#890=ORIENTED_EDGE('',*,*,#662,.T.);
#891=ORIENTED_EDGE('',*,*,#652,.T.);
#892=ORIENTED_EDGE('',*,*,#655,.T.);
#893=ORIENTED_EDGE('',*,*,#658,.T.);
#894=ORIENTED_EDGE('',*,*,#674,.F.);
#895=ORIENTED_EDGE('',*,*,#675,.T.);
#896=ORIENTED_EDGE('',*,*,#676,.T.);
#897=ORIENTED_EDGE('',*,*,#675,.F.);
#898=ORIENTED_EDGE('',*,*,#676,.F.);
#899=ORIENTED_EDGE('',*,*,#677,.F.);
#900=ORIENTED_EDGE('',*,*,#678,.T.);
#901=ORIENTED_EDGE('',*,*,#679,.T.);
#902=ORIENTED_EDGE('',*,*,#678,.F.);
#903=ORIENTED_EDGE('',*,*,#679,.F.);
#904=ORIENTED_EDGE('',*,*,#680,.F.);
#905=ORIENTED_EDGE('',*,*,#681,.T.);
#906=ORIENTED_EDGE('',*,*,#682,.T.);
#907=ORIENTED_EDGE('',*,*,#681,.F.);
#908=ORIENTED_EDGE('',*,*,#682,.F.);
#909=ORIENTED_EDGE('',*,*,#683,.F.);
#910=ORIENTED_EDGE('',*,*,#684,.F.);
#911=ORIENTED_EDGE('',*,*,#685,.T.);
#912=ORIENTED_EDGE('',*,*,#686,.T.);
#913=ORIENTED_EDGE('',*,*,#687,.F.);
#914=ORIENTED_EDGE('',*,*,#686,.F.);
#915=ORIENTED_EDGE('',*,*,#688,.F.);
#916=ORIENTED_EDGE('',*,*,#689,.F.);
#917=ORIENTED_EDGE('',*,*,#690,.F.);
#918=ORIENTED_EDGE('',*,*,#689,.T.);
#919=ORIENTED_EDGE('',*,*,#691,.F.);
#920=ORIENTED_EDGE('',*,*,#692,.F.);
#921=ORIENTED_EDGE('',*,*,#693,.F.);
#922=ORIENTED_EDGE('',*,*,#691,.T.);
#923=ORIENTED_EDGE('',*,*,#688,.T.);
#924=ORIENTED_EDGE('',*,*,#685,.F.);
#925=ORIENTED_EDGE('',*,*,#694,.F.);
#926=ORIENTED_EDGE('',*,*,#694,.T.);
#927=ORIENTED_EDGE('',*,*,#695,.F.);
#928=ORIENTED_EDGE('',*,*,#683,.T.);
#929=ORIENTED_EDGE('',*,*,#687,.T.);
#930=ORIENTED_EDGE('',*,*,#690,.T.);
#931=ORIENTED_EDGE('',*,*,#695,.T.);
#932=ORIENTED_EDGE('',*,*,#692,.T.);
#933=ORIENTED_EDGE('',*,*,#693,.T.);
#934=ORIENTED_EDGE('',*,*,#684,.T.);
#935=ORIENTED_EDGE('',*,*,#674,.T.);
#936=ORIENTED_EDGE('',*,*,#677,.T.);
#937=ORIENTED_EDGE('',*,*,#680,.T.);
#938=ORIENTED_EDGE('',*,*,#696,.F.);
#939=ORIENTED_EDGE('',*,*,#697,.T.);
#940=ORIENTED_EDGE('',*,*,#698,.T.);
#941=ORIENTED_EDGE('',*,*,#697,.F.);
#942=ORIENTED_EDGE('',*,*,#698,.F.);
#943=ORIENTED_EDGE('',*,*,#699,.F.);
#944=ORIENTED_EDGE('',*,*,#700,.T.);
#945=ORIENTED_EDGE('',*,*,#701,.T.);
#946=ORIENTED_EDGE('',*,*,#700,.F.);
#947=ORIENTED_EDGE('',*,*,#701,.F.);
#948=ORIENTED_EDGE('',*,*,#702,.F.);
#949=ORIENTED_EDGE('',*,*,#703,.T.);
#950=ORIENTED_EDGE('',*,*,#704,.T.);
#951=ORIENTED_EDGE('',*,*,#703,.F.);
#952=ORIENTED_EDGE('',*,*,#704,.F.);
#953=ORIENTED_EDGE('',*,*,#705,.F.);
#954=ORIENTED_EDGE('',*,*,#706,.F.);
#955=ORIENTED_EDGE('',*,*,#707,.T.);
#956=ORIENTED_EDGE('',*,*,#708,.T.);
#957=ORIENTED_EDGE('',*,*,#709,.F.);
#958=ORIENTED_EDGE('',*,*,#708,.F.);
#959=ORIENTED_EDGE('',*,*,#710,.F.);
#960=ORIENTED_EDGE('',*,*,#711,.F.);
#961=ORIENTED_EDGE('',*,*,#712,.F.);
#962=ORIENTED_EDGE('',*,*,#711,.T.);
#963=ORIENTED_EDGE('',*,*,#713,.F.);
#964=ORIENTED_EDGE('',*,*,#714,.F.);
#965=ORIENTED_EDGE('',*,*,#715,.F.);
#966=ORIENTED_EDGE('',*,*,#713,.T.);
#967=ORIENTED_EDGE('',*,*,#710,.T.);
#968=ORIENTED_EDGE('',*,*,#707,.F.);
#969=ORIENTED_EDGE('',*,*,#716,.F.);
#970=ORIENTED_EDGE('',*,*,#716,.T.);
#971=ORIENTED_EDGE('',*,*,#717,.F.);
#972=ORIENTED_EDGE('',*,*,#705,.T.);
#973=ORIENTED_EDGE('',*,*,#709,.T.);
#974=ORIENTED_EDGE('',*,*,#712,.T.);
#975=ORIENTED_EDGE('',*,*,#717,.T.);
#976=ORIENTED_EDGE('',*,*,#714,.T.);
#977=ORIENTED_EDGE('',*,*,#715,.T.);
#978=ORIENTED_EDGE('',*,*,#706,.T.);
#979=ORIENTED_EDGE('',*,*,#696,.T.);
#980=ORIENTED_EDGE('',*,*,#699,.T.);
#981=ORIENTED_EDGE('',*,*,#702,.T.);
#982=ORIENTED_EDGE('',*,*,#718,.F.);
#983=ORIENTED_EDGE('',*,*,#719,.T.);
#984=ORIENTED_EDGE('',*,*,#720,.T.);
#985=ORIENTED_EDGE('',*,*,#719,.F.);
#986=ORIENTED_EDGE('',*,*,#720,.F.);
#987=ORIENTED_EDGE('',*,*,#721,.F.);
#988=ORIENTED_EDGE('',*,*,#722,.T.);
#989=ORIENTED_EDGE('',*,*,#723,.T.);
#990=ORIENTED_EDGE('',*,*,#722,.F.);
#991=ORIENTED_EDGE('',*,*,#723,.F.);
#992=ORIENTED_EDGE('',*,*,#724,.F.);
#993=ORIENTED_EDGE('',*,*,#725,.T.);
#994=ORIENTED_EDGE('',*,*,#726,.T.);
#995=ORIENTED_EDGE('',*,*,#725,.F.);
#996=ORIENTED_EDGE('',*,*,#726,.F.);
#997=ORIENTED_EDGE('',*,*,#727,.F.);
#998=ORIENTED_EDGE('',*,*,#728,.F.);
#999=ORIENTED_EDGE('',*,*,#729,.T.);
#1000=ORIENTED_EDGE('',*,*,#730,.T.);
#1001=ORIENTED_EDGE('',*,*,#731,.F.);
#1002=ORIENTED_EDGE('',*,*,#730,.F.);
#1003=ORIENTED_EDGE('',*,*,#732,.F.);
#1004=ORIENTED_EDGE('',*,*,#733,.F.);
#1005=ORIENTED_EDGE('',*,*,#734,.F.);
#1006=ORIENTED_EDGE('',*,*,#733,.T.);
#1007=ORIENTED_EDGE('',*,*,#735,.F.);
#1008=ORIENTED_EDGE('',*,*,#736,.F.);
#1009=ORIENTED_EDGE('',*,*,#737,.F.);
#1010=ORIENTED_EDGE('',*,*,#735,.T.);
#1011=ORIENTED_EDGE('',*,*,#732,.T.);
#1012=ORIENTED_EDGE('',*,*,#729,.F.);
#1013=ORIENTED_EDGE('',*,*,#738,.F.);
#1014=ORIENTED_EDGE('',*,*,#738,.T.);
#1015=ORIENTED_EDGE('',*,*,#739,.F.);
#1016=ORIENTED_EDGE('',*,*,#727,.T.);
#1017=ORIENTED_EDGE('',*,*,#731,.T.);
#1018=ORIENTED_EDGE('',*,*,#734,.T.);
#1019=ORIENTED_EDGE('',*,*,#739,.T.);
#1020=ORIENTED_EDGE('',*,*,#736,.T.);
#1021=ORIENTED_EDGE('',*,*,#737,.T.);
#1022=ORIENTED_EDGE('',*,*,#728,.T.);
#1023=ORIENTED_EDGE('',*,*,#718,.T.);
#1024=ORIENTED_EDGE('',*,*,#721,.T.);
#1025=ORIENTED_EDGE('',*,*,#724,.T.);
#1026=ORIENTED_EDGE('',*,*,#740,.F.);
#1027=ORIENTED_EDGE('',*,*,#741,.T.);
#1028=ORIENTED_EDGE('',*,*,#742,.T.);
#1029=ORIENTED_EDGE('',*,*,#741,.F.);
#1030=ORIENTED_EDGE('',*,*,#742,.F.);
#1031=ORIENTED_EDGE('',*,*,#743,.F.);
#1032=ORIENTED_EDGE('',*,*,#744,.T.);
#1033=ORIENTED_EDGE('',*,*,#745,.T.);
#1034=ORIENTED_EDGE('',*,*,#744,.F.);
#1035=ORIENTED_EDGE('',*,*,#745,.F.);
#1036=ORIENTED_EDGE('',*,*,#746,.F.);
#1037=ORIENTED_EDGE('',*,*,#747,.T.);
#1038=ORIENTED_EDGE('',*,*,#748,.T.);
#1039=ORIENTED_EDGE('',*,*,#747,.F.);
#1040=ORIENTED_EDGE('',*,*,#748,.F.);
#1041=ORIENTED_EDGE('',*,*,#749,.F.);
#1042=ORIENTED_EDGE('',*,*,#750,.F.);
#1043=ORIENTED_EDGE('',*,*,#751,.T.);
#1044=ORIENTED_EDGE('',*,*,#752,.T.);
#1045=ORIENTED_EDGE('',*,*,#753,.F.);
#1046=ORIENTED_EDGE('',*,*,#752,.F.);
#1047=ORIENTED_EDGE('',*,*,#754,.F.);
#1048=ORIENTED_EDGE('',*,*,#755,.F.);
#1049=ORIENTED_EDGE('',*,*,#756,.F.);
#1050=ORIENTED_EDGE('',*,*,#755,.T.);
#1051=ORIENTED_EDGE('',*,*,#757,.F.);
#1052=ORIENTED_EDGE('',*,*,#758,.F.);
#1053=ORIENTED_EDGE('',*,*,#759,.F.);
#1054=ORIENTED_EDGE('',*,*,#757,.T.);
#1055=ORIENTED_EDGE('',*,*,#754,.T.);
#1056=ORIENTED_EDGE('',*,*,#751,.F.);
#1057=ORIENTED_EDGE('',*,*,#760,.F.);
#1058=ORIENTED_EDGE('',*,*,#760,.T.);
#1059=ORIENTED_EDGE('',*,*,#761,.F.);
#1060=ORIENTED_EDGE('',*,*,#749,.T.);
#1061=ORIENTED_EDGE('',*,*,#753,.T.);
#1062=ORIENTED_EDGE('',*,*,#756,.T.);
#1063=ORIENTED_EDGE('',*,*,#761,.T.);
#1064=ORIENTED_EDGE('',*,*,#758,.T.);
#1065=ORIENTED_EDGE('',*,*,#759,.T.);
#1066=ORIENTED_EDGE('',*,*,#750,.T.);
#1067=ORIENTED_EDGE('',*,*,#740,.T.);
#1068=ORIENTED_EDGE('',*,*,#743,.T.);
#1069=ORIENTED_EDGE('',*,*,#746,.T.);
#1070=CYLINDRICAL_SURFACE('',#1195,0.8);
#1071=CYLINDRICAL_SURFACE('',#1199,1.05);
#1072=CYLINDRICAL_SURFACE('',#1203,1.05);
#1073=CYLINDRICAL_SURFACE('',#1214,0.8);
#1074=CYLINDRICAL_SURFACE('',#1218,1.05);
#1075=CYLINDRICAL_SURFACE('',#1222,1.05);
#1076=CYLINDRICAL_SURFACE('',#1233,0.8);
#1077=CYLINDRICAL_SURFACE('',#1237,1.05);
#1078=CYLINDRICAL_SURFACE('',#1241,1.05);
#1079=CYLINDRICAL_SURFACE('',#1252,0.8);
#1080=CYLINDRICAL_SURFACE('',#1256,1.05);
#1081=CYLINDRICAL_SURFACE('',#1260,1.05);
#1082=CYLINDRICAL_SURFACE('',#1271,0.8);
#1083=CYLINDRICAL_SURFACE('',#1275,1.05);
#1084=CYLINDRICAL_SURFACE('',#1279,1.05);
#1085=CYLINDRICAL_SURFACE('',#1290,0.8);
#1086=CYLINDRICAL_SURFACE('',#1294,1.05);
#1087=CYLINDRICAL_SURFACE('',#1298,1.05);
#1088=CYLINDRICAL_SURFACE('',#1309,0.8);
#1089=CYLINDRICAL_SURFACE('',#1313,1.05);
#1090=CYLINDRICAL_SURFACE('',#1317,1.05);
#1091=ADVANCED_FACE('',(#139),#1070,.F.);
#1092=ADVANCED_FACE('',(#140),#104,.T.);
#1093=ADVANCED_FACE('',(#141),#1071,.F.);
#1094=ADVANCED_FACE('',(#142),#105,.T.);
#1095=ADVANCED_FACE('',(#143),#1072,.F.);
#1096=ADVANCED_FACE('',(#144),#106,.T.);
#1097=ADVANCED_FACE('',(#145),#83,.F.);
#1098=ADVANCED_FACE('',(#146),#107,.T.);
#1099=ADVANCED_FACE('',(#147),#84,.F.);
#1100=ADVANCED_FACE('',(#148),#85,.F.);
#1101=ADVANCED_FACE('',(#149),#55,.T.);
#1102=ADVANCED_FACE('',(#150,#27,#28,#29),#108,.T.);
#1103=ADVANCED_FACE('',(#151),#1073,.F.);
#1104=ADVANCED_FACE('',(#152),#109,.T.);
#1105=ADVANCED_FACE('',(#153),#1074,.F.);
#1106=ADVANCED_FACE('',(#154),#110,.T.);
#1107=ADVANCED_FACE('',(#155),#1075,.F.);
#1108=ADVANCED_FACE('',(#156),#111,.T.);
#1109=ADVANCED_FACE('',(#157),#86,.F.);
#1110=ADVANCED_FACE('',(#158),#112,.T.);
#1111=ADVANCED_FACE('',(#159),#87,.F.);
#1112=ADVANCED_FACE('',(#160),#88,.F.);
#1113=ADVANCED_FACE('',(#161),#56,.T.);
#1114=ADVANCED_FACE('',(#162,#30,#31,#32),#113,.T.);
#1115=ADVANCED_FACE('',(#163),#1076,.F.);
#1116=ADVANCED_FACE('',(#164),#114,.T.);
#1117=ADVANCED_FACE('',(#165),#1077,.F.);
#1118=ADVANCED_FACE('',(#166),#115,.T.);
#1119=ADVANCED_FACE('',(#167),#1078,.F.);
#1120=ADVANCED_FACE('',(#168),#116,.T.);
#1121=ADVANCED_FACE('',(#169),#89,.F.);
#1122=ADVANCED_FACE('',(#170),#117,.T.);
#1123=ADVANCED_FACE('',(#171),#90,.F.);
#1124=ADVANCED_FACE('',(#172),#91,.F.);
#1125=ADVANCED_FACE('',(#173),#57,.T.);
#1126=ADVANCED_FACE('',(#174,#33,#34,#35),#118,.T.);
#1127=ADVANCED_FACE('',(#175),#1079,.F.);
#1128=ADVANCED_FACE('',(#176),#119,.T.);
#1129=ADVANCED_FACE('',(#177),#1080,.F.);
#1130=ADVANCED_FACE('',(#178),#120,.T.);
#1131=ADVANCED_FACE('',(#179),#1081,.F.);
#1132=ADVANCED_FACE('',(#180),#121,.T.);
#1133=ADVANCED_FACE('',(#181),#92,.F.);
#1134=ADVANCED_FACE('',(#182),#122,.T.);
#1135=ADVANCED_FACE('',(#183),#93,.F.);
#1136=ADVANCED_FACE('',(#184),#94,.F.);
#1137=ADVANCED_FACE('',(#185),#58,.T.);
#1138=ADVANCED_FACE('',(#186,#36,#37,#38),#123,.T.);
#1139=ADVANCED_FACE('',(#187),#1082,.F.);
#1140=ADVANCED_FACE('',(#188),#124,.T.);
#1141=ADVANCED_FACE('',(#189),#1083,.F.);
#1142=ADVANCED_FACE('',(#190),#125,.T.);
#1143=ADVANCED_FACE('',(#191),#1084,.F.);
#1144=ADVANCED_FACE('',(#192),#126,.T.);
#1145=ADVANCED_FACE('',(#193),#95,.F.);
#1146=ADVANCED_FACE('',(#194),#127,.T.);
#1147=ADVANCED_FACE('',(#195),#96,.F.);
#1148=ADVANCED_FACE('',(#196),#97,.F.);
#1149=ADVANCED_FACE('',(#197),#59,.T.);
#1150=ADVANCED_FACE('',(#198,#39,#40,#41),#128,.T.);
#1151=ADVANCED_FACE('',(#199),#1085,.F.);
#1152=ADVANCED_FACE('',(#200),#129,.T.);
#1153=ADVANCED_FACE('',(#201),#1086,.F.);
#1154=ADVANCED_FACE('',(#202),#130,.T.);
#1155=ADVANCED_FACE('',(#203),#1087,.F.);
#1156=ADVANCED_FACE('',(#204),#131,.T.);
#1157=ADVANCED_FACE('',(#205),#98,.F.);
#1158=ADVANCED_FACE('',(#206),#132,.T.);
#1159=ADVANCED_FACE('',(#207),#99,.F.);
#1160=ADVANCED_FACE('',(#208),#100,.F.);
#1161=ADVANCED_FACE('',(#209),#60,.T.);
#1162=ADVANCED_FACE('',(#210,#42,#43,#44),#133,.T.);
#1163=ADVANCED_FACE('',(#211),#1088,.F.);
#1164=ADVANCED_FACE('',(#212),#134,.T.);
#1165=ADVANCED_FACE('',(#213),#1089,.F.);
#1166=ADVANCED_FACE('',(#214),#135,.T.);
#1167=ADVANCED_FACE('',(#215),#1090,.F.);
#1168=ADVANCED_FACE('',(#216),#136,.T.);
#1169=ADVANCED_FACE('',(#217),#101,.F.);
#1170=ADVANCED_FACE('',(#218),#137,.T.);
#1171=ADVANCED_FACE('',(#219),#102,.F.);
#1172=ADVANCED_FACE('',(#220),#103,.F.);
#1173=ADVANCED_FACE('',(#221),#61,.T.);
#1174=ADVANCED_FACE('',(#222,#45,#46,#47),#138,.T.);
#1175=CLOSED_SHELL('',(#1091,#1092,#1093,#1094,#1095,#1096,#1097,#1098,
#1099,#1100,#1101,#1102));
#1176=CLOSED_SHELL('',(#1103,#1104,#1105,#1106,#1107,#1108,#1109,#1110,
#1111,#1112,#1113,#1114));
#1177=CLOSED_SHELL('',(#1115,#1116,#1117,#1118,#1119,#1120,#1121,#1122,
#1123,#1124,#1125,#1126));
#1178=CLOSED_SHELL('',(#1127,#1128,#1129,#1130,#1131,#1132,#1133,#1134,
#1135,#1136,#1137,#1138));
#1179=CLOSED_SHELL('',(#1139,#1140,#1141,#1142,#1143,#1144,#1145,#1146,
#1147,#1148,#1149,#1150));
#1180=CLOSED_SHELL('',(#1151,#1152,#1153,#1154,#1155,#1156,#1157,#1158,
#1159,#1160,#1161,#1162));
#1181=CLOSED_SHELL('',(#1163,#1164,#1165,#1166,#1167,#1168,#1169,#1170,
#1171,#1172,#1173,#1174));
#1182=DERIVED_UNIT_ELEMENT(#1184,1.);
#1183=DERIVED_UNIT_ELEMENT(#3198,-3.);
#1184=(
MASS_UNIT()
NAMED_UNIT(*)
SI_UNIT(.KILO.,.GRAM.)
);
#1185=DERIVED_UNIT((#1182,#1183));
#1186=MEASURE_REPRESENTATION_ITEM('density measure',
POSITIVE_RATIO_MEASURE(7850.),#1185);
#1187=PROPERTY_DEFINITION_REPRESENTATION(#1192,#1189);
#1188=PROPERTY_DEFINITION_REPRESENTATION(#1193,#1190);
#1189=REPRESENTATION('material name',(#1191),#3195);
#1190=REPRESENTATION('density',(#1186),#3195);
#1191=DESCRIPTIVE_REPRESENTATION_ITEM('Steel','Steel');
#1192=PROPERTY_DEFINITION('material property','material name',#3205);
#1193=PROPERTY_DEFINITION('material property','density of part',#3205);
#1194=AXIS2_PLACEMENT_3D('',#1645,#1328,#1329);
#1195=AXIS2_PLACEMENT_3D('',#1646,#1330,#1331);
#1196=AXIS2_PLACEMENT_3D('',#1648,#1332,#1333);
#1197=AXIS2_PLACEMENT_3D('',#1651,#1335,#1336);
#1198=AXIS2_PLACEMENT_3D('',#1652,#1337,#1338);
#1199=AXIS2_PLACEMENT_3D('',#1653,#1339,#1340);
#1200=AXIS2_PLACEMENT_3D('',#1655,#1341,#1342);
#1201=AXIS2_PLACEMENT_3D('',#1658,#1344,#1345);
#1202=AXIS2_PLACEMENT_3D('',#1659,#1346,#1347);
#1203=AXIS2_PLACEMENT_3D('',#1660,#1348,#1349);
#1204=AXIS2_PLACEMENT_3D('',#1662,#1350,#1351);
#1205=AXIS2_PLACEMENT_3D('',#1665,#1353,#1354);
#1206=AXIS2_PLACEMENT_3D('',#1666,#1355,#1356);
#1207=AXIS2_PLACEMENT_3D('',#1698,#1357,#1358);
#1208=AXIS2_PLACEMENT_3D('',#1701,#1360,#1361);
#1209=AXIS2_PLACEMENT_3D('',#1702,#1362,#1363);
#1210=AXIS2_PLACEMENT_3D('',#1714,#1365,#1366);
#1211=AXIS2_PLACEMENT_3D('',#1746,#1368,#1369);
#1212=AXIS2_PLACEMENT_3D('',#1865,#1371,#1372);
#1213=AXIS2_PLACEMENT_3D('',#1866,#1373,#1374);
#1214=AXIS2_PLACEMENT_3D('',#1867,#1375,#1376);
#1215=AXIS2_PLACEMENT_3D('',#1869,#1377,#1378);
#1216=AXIS2_PLACEMENT_3D('',#1872,#1380,#1381);
#1217=AXIS2_PLACEMENT_3D('',#1873,#1382,#1383);
#1218=AXIS2_PLACEMENT_3D('',#1874,#1384,#1385);
#1219=AXIS2_PLACEMENT_3D('',#1876,#1386,#1387);
#1220=AXIS2_PLACEMENT_3D('',#1879,#1389,#1390);
#1221=AXIS2_PLACEMENT_3D('',#1880,#1391,#1392);
#1222=AXIS2_PLACEMENT_3D('',#1881,#1393,#1394);
#1223=AXIS2_PLACEMENT_3D('',#1883,#1395,#1396);
#1224=AXIS2_PLACEMENT_3D('',#1886,#1398,#1399);
#1225=AXIS2_PLACEMENT_3D('',#1887,#1400,#1401);
#1226=AXIS2_PLACEMENT_3D('',#1919,#1402,#1403);
#1227=AXIS2_PLACEMENT_3D('',#1922,#1405,#1406);
#1228=AXIS2_PLACEMENT_3D('',#1923,#1407,#1408);
#1229=AXIS2_PLACEMENT_3D('',#1935,#1410,#1411);
#1230=AXIS2_PLACEMENT_3D('',#1967,#1413,#1414);
#1231=AXIS2_PLACEMENT_3D('',#2086,#1416,#1417);
#1232=AXIS2_PLACEMENT_3D('',#2087,#1418,#1419);
#1233=AXIS2_PLACEMENT_3D('',#2088,#1420,#1421);
#1234=AXIS2_PLACEMENT_3D('',#2090,#1422,#1423);
#1235=AXIS2_PLACEMENT_3D('',#2093,#1425,#1426);
#1236=AXIS2_PLACEMENT_3D('',#2094,#1427,#1428);
#1237=AXIS2_PLACEMENT_3D('',#2095,#1429,#1430);
#1238=AXIS2_PLACEMENT_3D('',#2097,#1431,#1432);
#1239=AXIS2_PLACEMENT_3D('',#2100,#1434,#1435);
#1240=AXIS2_PLACEMENT_3D('',#2101,#1436,#1437);
#1241=AXIS2_PLACEMENT_3D('',#2102,#1438,#1439);
#1242=AXIS2_PLACEMENT_3D('',#2104,#1440,#1441);
#1243=AXIS2_PLACEMENT_3D('',#2107,#1443,#1444);
#1244=AXIS2_PLACEMENT_3D('',#2108,#1445,#1446);
#1245=AXIS2_PLACEMENT_3D('',#2140,#1447,#1448);
#1246=AXIS2_PLACEMENT_3D('',#2143,#1450,#1451);
#1247=AXIS2_PLACEMENT_3D('',#2144,#1452,#1453);
#1248=AXIS2_PLACEMENT_3D('',#2156,#1455,#1456);
#1249=AXIS2_PLACEMENT_3D('',#2188,#1458,#1459);
#1250=AXIS2_PLACEMENT_3D('',#2307,#1461,#1462);
#1251=AXIS2_PLACEMENT_3D('',#2308,#1463,#1464);
#1252=AXIS2_PLACEMENT_3D('',#2309,#1465,#1466);
#1253=AXIS2_PLACEMENT_3D('',#2311,#1467,#1468);
#1254=AXIS2_PLACEMENT_3D('',#2314,#1470,#1471);
#1255=AXIS2_PLACEMENT_3D('',#2315,#1472,#1473);
#1256=AXIS2_PLACEMENT_3D('',#2316,#1474,#1475);
#1257=AXIS2_PLACEMENT_3D('',#2318,#1476,#1477);
#1258=AXIS2_PLACEMENT_3D('',#2321,#1479,#1480);
#1259=AXIS2_PLACEMENT_3D('',#2322,#1481,#1482);
#1260=AXIS2_PLACEMENT_3D('',#2323,#1483,#1484);
#1261=AXIS2_PLACEMENT_3D('',#2325,#1485,#1486);
#1262=AXIS2_PLACEMENT_3D('',#2328,#1488,#1489);
#1263=AXIS2_PLACEMENT_3D('',#2329,#1490,#1491);
#1264=AXIS2_PLACEMENT_3D('',#2361,#1492,#1493);
#1265=AXIS2_PLACEMENT_3D('',#2364,#1495,#1496);
#1266=AXIS2_PLACEMENT_3D('',#2365,#1497,#1498);
#1267=AXIS2_PLACEMENT_3D('',#2377,#1500,#1501);
#1268=AXIS2_PLACEMENT_3D('',#2409,#1503,#1504);
#1269=AXIS2_PLACEMENT_3D('',#2528,#1506,#1507);
#1270=AXIS2_PLACEMENT_3D('',#2529,#1508,#1509);
#1271=AXIS2_PLACEMENT_3D('',#2530,#1510,#1511);
#1272=AXIS2_PLACEMENT_3D('',#2532,#1512,#1513);
#1273=AXIS2_PLACEMENT_3D('',#2535,#1515,#1516);
#1274=AXIS2_PLACEMENT_3D('',#2536,#1517,#1518);
#1275=AXIS2_PLACEMENT_3D('',#2537,#1519,#1520);
#1276=AXIS2_PLACEMENT_3D('',#2539,#1521,#1522);
#1277=AXIS2_PLACEMENT_3D('',#2542,#1524,#1525);
#1278=AXIS2_PLACEMENT_3D('',#2543,#1526,#1527);
#1279=AXIS2_PLACEMENT_3D('',#2544,#1528,#1529);
#1280=AXIS2_PLACEMENT_3D('',#2546,#1530,#1531);
#1281=AXIS2_PLACEMENT_3D('',#2549,#1533,#1534);
#1282=AXIS2_PLACEMENT_3D('',#2550,#1535,#1536);
#1283=AXIS2_PLACEMENT_3D('',#2582,#1537,#1538);
#1284=AXIS2_PLACEMENT_3D('',#2585,#1540,#1541);
#1285=AXIS2_PLACEMENT_3D('',#2586,#1542,#1543);
#1286=AXIS2_PLACEMENT_3D('',#2598,#1545,#1546);
#1287=AXIS2_PLACEMENT_3D('',#2630,#1548,#1549);
#1288=AXIS2_PLACEMENT_3D('',#2749,#1551,#1552);
#1289=AXIS2_PLACEMENT_3D('',#2750,#1553,#1554);
#1290=AXIS2_PLACEMENT_3D('',#2751,#1555,#1556);
#1291=AXIS2_PLACEMENT_3D('',#2753,#1557,#1558);
#1292=AXIS2_PLACEMENT_3D('',#2756,#1560,#1561);
#1293=AXIS2_PLACEMENT_3D('',#2757,#1562,#1563);
#1294=AXIS2_PLACEMENT_3D('',#2758,#1564,#1565);
#1295=AXIS2_PLACEMENT_3D('',#2760,#1566,#1567);
#1296=AXIS2_PLACEMENT_3D('',#2763,#1569,#1570);
#1297=AXIS2_PLACEMENT_3D('',#2764,#1571,#1572);
#1298=AXIS2_PLACEMENT_3D('',#2765,#1573,#1574);
#1299=AXIS2_PLACEMENT_3D('',#2767,#1575,#1576);
#1300=AXIS2_PLACEMENT_3D('',#2770,#1578,#1579);
#1301=AXIS2_PLACEMENT_3D('',#2771,#1580,#1581);
#1302=AXIS2_PLACEMENT_3D('',#2803,#1582,#1583);
#1303=AXIS2_PLACEMENT_3D('',#2806,#1585,#1586);
#1304=AXIS2_PLACEMENT_3D('',#2807,#1587,#1588);
#1305=AXIS2_PLACEMENT_3D('',#2819,#1590,#1591);
#1306=AXIS2_PLACEMENT_3D('',#2851,#1593,#1594);
#1307=AXIS2_PLACEMENT_3D('',#2970,#1596,#1597);
#1308=AXIS2_PLACEMENT_3D('',#2971,#1598,#1599);
#1309=AXIS2_PLACEMENT_3D('',#2972,#1600,#1601);
#1310=AXIS2_PLACEMENT_3D('',#2974,#1602,#1603);
#1311=AXIS2_PLACEMENT_3D('',#2977,#1605,#1606);
#1312=AXIS2_PLACEMENT_3D('',#2978,#1607,#1608);
#1313=AXIS2_PLACEMENT_3D('',#2979,#1609,#1610);
#1314=AXIS2_PLACEMENT_3D('',#2981,#1611,#1612);
#1315=AXIS2_PLACEMENT_3D('',#2984,#1614,#1615);
#1316=AXIS2_PLACEMENT_3D('',#2985,#1616,#1617);
#1317=AXIS2_PLACEMENT_3D('',#2986,#1618,#1619);
#1318=AXIS2_PLACEMENT_3D('',#2988,#1620,#1621);
#1319=AXIS2_PLACEMENT_3D('',#2991,#1623,#1624);
#1320=AXIS2_PLACEMENT_3D('',#2992,#1625,#1626);
#1321=AXIS2_PLACEMENT_3D('',#3024,#1627,#1628);
#1322=AXIS2_PLACEMENT_3D('',#3027,#1630,#1631);
#1323=AXIS2_PLACEMENT_3D('',#3028,#1632,#1633);
#1324=AXIS2_PLACEMENT_3D('',#3040,#1635,#1636);
#1325=AXIS2_PLACEMENT_3D('',#3072,#1638,#1639);
#1326=AXIS2_PLACEMENT_3D('',#3191,#1641,#1642);
#1327=AXIS2_PLACEMENT_3D('',#3192,#1643,#1644);
#1328=DIRECTION('axis',(0.,0.,1.));
#1329=DIRECTION('refdir',(1.,0.,0.));
#1330=DIRECTION('center_axis',(0.,1.,0.));
#1331=DIRECTION('ref_axis',(1.,0.,0.));
#1332=DIRECTION('center_axis',(0.,1.,0.));
#1333=DIRECTION('ref_axis',(1.,0.,0.));
#1334=DIRECTION('',(0.,1.,0.));
#1335=DIRECTION('center_axis',(0.,1.,0.));
#1336=DIRECTION('ref_axis',(1.,0.,0.));
#1337=DIRECTION('center_axis',(0.,-1.,0.));
#1338=DIRECTION('ref_axis',(1.,0.,0.));
#1339=DIRECTION('center_axis',(0.,1.,0.));
#1340=DIRECTION('ref_axis',(1.,0.,0.));
#1341=DIRECTION('center_axis',(0.,1.,0.));
#1342=DIRECTION('ref_axis',(1.,0.,0.));
#1343=DIRECTION('',(0.,1.,0.));
#1344=DIRECTION('center_axis',(0.,1.,0.));
#1345=DIRECTION('ref_axis',(1.,0.,0.));
#1346=DIRECTION('center_axis',(0.,-1.,0.));
#1347=DIRECTION('ref_axis',(1.,0.,0.));
#1348=DIRECTION('center_axis',(0.,1.,0.));
#1349=DIRECTION('ref_axis',(1.,0.,0.));
#1350=DIRECTION('center_axis',(0.,1.,0.));
#1351=DIRECTION('ref_axis',(1.,0.,0.));
#1352=DIRECTION('',(0.,1.,0.));
#1353=DIRECTION('center_axis',(0.,1.,0.));
#1354=DIRECTION('ref_axis',(1.,0.,0.));
#1355=DIRECTION('center_axis',(0.,-1.,0.));
#1356=DIRECTION('ref_axis',(1.,0.,0.));
#1357=DIRECTION('center_axis',(0.,-1.,0.));
#1358=DIRECTION('ref_axis',(0.279484956489826,0.,0.960150071132571));
#1359=DIRECTION('',(-0.249627720569767,0.905552052298517,0.343018194416982));
#1360=DIRECTION('center_axis',(0.,-1.,0.));
#1361=DIRECTION('ref_axis',(-0.00596553395158285,0.,0.999982206044024));
#1362=DIRECTION('center_axis',(6.91789422573028E-30,1.,-1.187587435381E-29));
#1363=DIRECTION('ref_axis',(0.,1.187587435381E-29,1.));
#1364=DIRECTION('',(-0.561958691781342,0.,0.827165297102945));
#1365=DIRECTION('center_axis',(0.,1.,0.));
#1366=DIRECTION('ref_axis',(-0.0981693269568092,0.,0.995169725848233));
#1367=DIRECTION('',(-0.205171426050727,0.911903482637091,0.355438777128573));
#1368=DIRECTION('center_axis',(0.,1.,0.));
#1369=DIRECTION('ref_axis',(0.279484956489826,0.,0.96015007113257));
#1370=DIRECTION('',(-0.0526394642904816,0.,0.998613582322617));
#1371=DIRECTION('center_axis',(0.,-1.,0.));
#1372=DIRECTION('ref_axis',(1.,0.,0.));
#1373=DIRECTION('center_axis',(0.,-1.,0.));
#1374=DIRECTION('ref_axis',(0.,0.,-1.));
#1375=DIRECTION('center_axis',(0.,1.,0.));
#1376=DIRECTION('ref_axis',(1.,0.,0.));
#1377=DIRECTION('center_axis',(0.,1.,0.));
#1378=DIRECTION('ref_axis',(1.,0.,0.));
#1379=DIRECTION('',(0.,1.,0.));
#1380=DIRECTION('center_axis',(0.,1.,0.));
#1381=DIRECTION('ref_axis',(1.,0.,0.));
#1382=DIRECTION('center_axis',(0.,-1.,0.));
#1383=DIRECTION('ref_axis',(1.,0.,0.));
#1384=DIRECTION('center_axis',(0.,1.,0.));
#1385=DIRECTION('ref_axis',(1.,0.,0.));
#1386=DIRECTION('center_axis',(0.,1.,0.));
#1387=DIRECTION('ref_axis',(1.,0.,0.));
#1388=DIRECTION('',(0.,1.,0.));
#1389=DIRECTION('center_axis',(0.,1.,0.));
#1390=DIRECTION('ref_axis',(1.,0.,0.));
#1391=DIRECTION('center_axis',(0.,-1.,0.));
#1392=DIRECTION('ref_axis',(1.,0.,0.));
#1393=DIRECTION('center_axis',(0.,1.,0.));
#1394=DIRECTION('ref_axis',(1.,0.,0.));
#1395=DIRECTION('center_axis',(0.,1.,0.));
#1396=DIRECTION('ref_axis',(1.,0.,0.));
#1397=DIRECTION('',(0.,1.,0.));
#1398=DIRECTION('center_axis',(0.,1.,0.));
#1399=DIRECTION('ref_axis',(1.,0.,0.));
#1400=DIRECTION('center_axis',(0.,-1.,0.));
#1401=DIRECTION('ref_axis',(1.,0.,0.));
#1402=DIRECTION('center_axis',(0.,-1.,0.));
#1403=DIRECTION('ref_axis',(0.9249315736497,0.,0.380133639745142));
#1404=DIRECTION('',(0.112542085418045,0.905552052298517,0.40903515690916));
#1405=DIRECTION('center_axis',(0.,-1.,0.));
#1406=DIRECTION('ref_axis',(0.778098121011596,0.,0.628142749761727));
#1407=DIRECTION('center_axis',(-4.97169595156308E-30,1.,-1.28131140458159E-29));
#1408=DIRECTION('ref_axis',(0.78183148246803,1.187587435381E-29,0.623489801858734));
#1409=DIRECTION('',(0.296328357088562,0.,0.955086124276337));
#1410=DIRECTION('center_axis',(0.,1.,0.));
#1411=DIRECTION('ref_axis',(0.716847447854321,0.,0.697230045612456));
#1412=DIRECTION('',(0.149970934273614,0.911903482637091,0.382021932914124));
#1413=DIRECTION('center_axis',(0.,1.,0.));
#1414=DIRECTION('ref_axis',(0.9249315736497,0.,0.380133639745142));
#1415=DIRECTION('',(0.74792736831958,0.,0.663780574978319));
#1416=DIRECTION('center_axis',(0.,-1.,0.));
#1417=DIRECTION('ref_axis',(0.623489801858734,0.,-0.78183148246803));
#1418=DIRECTION('center_axis',(0.,-1.,0.));
#1419=DIRECTION('ref_axis',(-0.78183148246803,0.,-0.623489801858734));
#1420=DIRECTION('center_axis',(0.,1.,0.));
#1421=DIRECTION('ref_axis',(1.,0.,0.));
#1422=DIRECTION('center_axis',(0.,1.,0.));
#1423=DIRECTION('ref_axis',(1.,0.,0.));
#1424=DIRECTION('',(0.,1.,0.));
#1425=DIRECTION('center_axis',(0.,1.,0.));
#1426=DIRECTION('ref_axis',(1.,0.,0.));
#1427=DIRECTION('center_axis',(0.,-1.,0.));
#1428=DIRECTION('ref_axis',(1.,0.,0.));
#1429=DIRECTION('center_axis',(0.,1.,0.));
#1430=DIRECTION('ref_axis',(1.,0.,0.));
#1431=DIRECTION('center_axis',(0.,1.,0.));
#1432=DIRECTION('ref_axis',(1.,0.,0.));
#1433=DIRECTION('',(0.,1.,0.));
#1434=DIRECTION('center_axis',(0.,1.,0.));
#1435=DIRECTION('ref_axis',(1.,0.,0.));
#1436=DIRECTION('center_axis',(0.,-1.,0.));
#1437=DIRECTION('ref_axis',(1.,0.,0.));
#1438=DIRECTION('center_axis',(0.,1.,0.));
#1439=DIRECTION('ref_axis',(1.,0.,0.));
#1440=DIRECTION('center_axis',(0.,1.,0.));
#1441=DIRECTION('ref_axis',(1.,0.,0.));
#1442=DIRECTION('',(0.,1.,0.));
#1443=DIRECTION('center_axis',(0.,1.,0.));
#1444=DIRECTION('ref_axis',(1.,0.,0.));
#1445=DIRECTION('center_axis',(0.,-1.,0.));
#1446=DIRECTION('ref_axis',(1.,0.,0.));
#1447=DIRECTION('center_axis',(0.,-1.,0.));
#1448=DIRECTION('ref_axis',(0.873885850685651,0.,-0.486131175683495));
#1449=DIRECTION('',(0.389965405645897,0.905552052298517,0.167040303452115));
#1450=DIRECTION('center_axis',(0.,-1.,0.));
#1451=DIRECTION('ref_axis',(0.976238020543929,0.,-0.216701008868145));
#1452=DIRECTION('center_axis',(-1.31174976732141E-29,1.,-4.10181752142827E-30));
#1453=DIRECTION('ref_axis',(0.974927912181824,1.187587435381E-29,-0.222520933956314));
#1454=DIRECTION('',(0.931474109073885,0.,0.363807619663213));
#1455=DIRECTION('center_axis',(0.,1.,0.));
#1456=DIRECTION('ref_axis',(0.992063473408067,0.,-0.125738079870501));
#1457=DIRECTION('',(0.392182122240377,0.911903482637091,0.120934781388063));
#1458=DIRECTION('center_axis',(0.,1.,0.));
#1459=DIRECTION('ref_axis',(0.873885850685651,0.,-0.486131175683495));
#1460=DIRECTION('',(0.985289637647079,0.,-0.170892743980801));
#1461=DIRECTION('center_axis',(0.,-1.,0.));
#1462=DIRECTION('ref_axis',(-0.222520933956314,0.,-0.974927912181824));
#1463=DIRECTION('center_axis',(0.,-1.,0.));
#1464=DIRECTION('ref_axis',(-0.974927912181824,0.,0.222520933956314));
#1465=DIRECTION('center_axis',(0.,1.,0.));
#1466=DIRECTION('ref_axis',(1.,0.,0.));
#1467=DIRECTION('center_axis',(0.,1.,0.));
#1468=DIRECTION('ref_axis',(1.,0.,0.));
#1469=DIRECTION('',(0.,1.,0.));
#1470=DIRECTION('center_axis',(0.,1.,0.));
#1471=DIRECTION('ref_axis',(1.,0.,0.));
#1472=DIRECTION('center_axis',(0.,-1.,0.));
#1473=DIRECTION('ref_axis',(1.,0.,0.));
#1474=DIRECTION('center_axis',(0.,1.,0.));
#1475=DIRECTION('ref_axis',(1.,0.,0.));
#1476=DIRECTION('center_axis',(0.,1.,0.));
#1477=DIRECTION('ref_axis',(1.,0.,0.));
#1478=DIRECTION('',(0.,1.,0.));
#1479=DIRECTION('center_axis',(0.,1.,0.));
#1480=DIRECTION('ref_axis',(1.,0.,0.));
#1481=DIRECTION('center_axis',(0.,-1.,0.));
#1482=DIRECTION('ref_axis',(1.,0.,0.));
#1483=DIRECTION('center_axis',(0.,1.,0.));
#1484=DIRECTION('ref_axis',(1.,0.,0.));
#1485=DIRECTION('center_axis',(0.,1.,0.));
#1486=DIRECTION('ref_axis',(1.,0.,0.));
#1487=DIRECTION('',(0.,1.,0.));
#1488=DIRECTION('center_axis',(0.,1.,0.));
#1489=DIRECTION('ref_axis',(1.,0.,0.));
#1490=DIRECTION('center_axis',(0.,-1.,0.));
#1491=DIRECTION('ref_axis',(1.,0.,0.));
#1492=DIRECTION('center_axis',(0.,-1.,0.));
#1493=DIRECTION('ref_axis',(0.164786258132594,0.,-0.986329300553653));
#1494=DIRECTION('',(0.373736821577798,0.905552052298517,-0.200739305505597));
#1495=DIRECTION('center_axis',(0.,-1.,0.));
#1496=DIRECTION('ref_axis',(0.439250778980197,0.,-0.898364487925302));
#1497=DIRECTION('center_axis',(-1.13855560987463E-29,1.,7.69823125842395E-30));
#1498=DIRECTION('ref_axis',(0.433883739117558,1.187587435381E-29,-0.900968867902419));
#1499=DIRECTION('',(0.865200858317472,0.,-0.501425442879308));
#1500=DIRECTION('center_axis',(0.,1.,0.));
#1501=DIRECTION('ref_axis',(0.520235469078646,0.,-0.854022866621569));
#1502=DIRECTION('',(0.339072173102766,0.911903482637091,-0.231218727143179));
#1503=DIRECTION('center_axis',(0.,1.,0.));
#1504=DIRECTION('ref_axis',(0.164786258132594,0.,-0.986329300553653));
#1505=DIRECTION('',(0.480708713580502,0.,-0.876880341145688));
#1506=DIRECTION('center_axis',(0.,-1.,0.));
#1507=DIRECTION('ref_axis',(-0.900968867902419,0.,-0.433883739117558));
#1508=DIRECTION('center_axis',(0.,-1.,0.));
#1509=DIRECTION('ref_axis',(-0.433883739117558,0.,0.900968867902419));
#1510=DIRECTION('center_axis',(0.,1.,0.));
#1511=DIRECTION('ref_axis',(1.,0.,0.));
#1512=DIRECTION('center_axis',(0.,1.,0.));
#1513=DIRECTION('ref_axis',(1.,0.,0.));
#1514=DIRECTION('',(0.,1.,0.));
#1515=DIRECTION('center_axis',(0.,1.,0.));
#1516=DIRECTION('ref_axis',(1.,0.,0.));
#1517=DIRECTION('center_axis',(0.,-1.,0.));
#1518=DIRECTION('ref_axis',(1.,0.,0.));
#1519=DIRECTION('center_axis',(0.,1.,0.));
#1520=DIRECTION('ref_axis',(1.,0.,0.));
#1521=DIRECTION('center_axis',(0.,1.,0.));
#1522=DIRECTION('ref_axis',(1.,0.,0.));
#1523=DIRECTION('',(0.,1.,0.));
#1524=DIRECTION('center_axis',(0.,1.,0.));
#1525=DIRECTION('ref_axis',(1.,0.,0.));
#1526=DIRECTION('center_axis',(0.,-1.,0.));
#1527=DIRECTION('ref_axis',(1.,0.,0.));
#1528=DIRECTION('center_axis',(0.,1.,0.));
#1529=DIRECTION('ref_axis',(1.,0.,0.));
#1530=DIRECTION('center_axis',(0.,1.,0.));
#1531=DIRECTION('ref_axis',(1.,0.,0.));
#1532=DIRECTION('',(0.,1.,0.));
#1533=DIRECTION('center_axis',(0.,1.,0.));
#1534=DIRECTION('ref_axis',(1.,0.,0.));
#1535=DIRECTION('center_axis',(0.,-1.,0.));
#1536=DIRECTION('ref_axis',(1.,0.,0.));
#1537=DIRECTION('center_axis',(0.,-1.,0.));
#1538=DIRECTION('ref_axis',(-0.668400747821384,0.,-0.743801344655826));
#1539=DIRECTION('',(0.0760767880198107,0.905552052298517,-0.417358123082003));
#1540=DIRECTION('center_axis',(0.,-1.,0.));
#1541=DIRECTION('ref_axis',(-0.428501258238614,0.,-0.903541184278793));
#1542=DIRECTION('center_axis',(-1.0800585589035E-30,1.,1.37013548853832E-29));
#1543=DIRECTION('ref_axis',(-0.433883739117558,1.187587435381E-29,-0.900968867902419));
#1544=DIRECTION('',(0.147413714366849,0.,-0.989074919718708));
#1545=DIRECTION('center_axis',(0.,1.,0.));
#1546=DIRECTION('ref_axis',(-0.343340454336608,0.,-0.939211015914918));
#1547=DIRECTION('',(0.0306339618069313,0.911903482637091,-0.409259818133121));
#1548=DIRECTION('center_axis',(0.,1.,0.));
#1549=DIRECTION('ref_axis',(-0.668400747821384,0.,-0.743801344655826));
#1550=DIRECTION('',(-0.385855676482932,0.,-0.922559156328687));
#1551=DIRECTION('center_axis',(0.,-1.,0.));
#1552=DIRECTION('ref_axis',(-0.900968867902419,0.,0.433883739117558));
#1553=DIRECTION('center_axis',(0.,-1.,0.));
#1554=DIRECTION('ref_axis',(0.433883739117558,0.,0.900968867902419));
#1555=DIRECTION('center_axis',(0.,1.,0.));
#1556=DIRECTION('ref_axis',(1.,0.,0.));
#1557=DIRECTION('center_axis',(0.,1.,0.));
#1558=DIRECTION('ref_axis',(1.,0.,0.));
#1559=DIRECTION('',(0.,1.,0.));
#1560=DIRECTION('center_axis',(0.,1.,0.));
#1561=DIRECTION('ref_axis',(1.,0.,0.));
#1562=DIRECTION('center_axis',(0.,-1.,0.));
#1563=DIRECTION('ref_axis',(1.,0.,0.));
#1564=DIRECTION('center_axis',(0.,1.,0.));
#1565=DIRECTION('ref_axis',(1.,0.,0.));
#1566=DIRECTION('center_axis',(0.,1.,0.));
#1567=DIRECTION('ref_axis',(1.,0.,0.));
#1568=DIRECTION('',(0.,1.,0.));
#1569=DIRECTION('center_axis',(0.,1.,0.));
#1570=DIRECTION('ref_axis',(1.,0.,0.));
#1571=DIRECTION('center_axis',(0.,-1.,0.));
#1572=DIRECTION('ref_axis',(1.,0.,0.));
#1573=DIRECTION('center_axis',(0.,1.,0.));
#1574=DIRECTION('ref_axis',(1.,0.,0.));
#1575=DIRECTION('center_axis',(0.,1.,0.));
#1576=DIRECTION('ref_axis',(1.,0.,0.));
#1577=DIRECTION('',(0.,1.,0.));
#1578=DIRECTION('center_axis',(0.,1.,0.));
#1579=DIRECTION('ref_axis',(1.,0.,0.));
#1580=DIRECTION('center_axis',(0.,-1.,0.));
#1581=DIRECTION('ref_axis',(1.,0.,0.));
#1582=DIRECTION('center_axis',(0.,-1.,0.));
#1583=DIRECTION('ref_axis',(-0.998268357775362,0.,0.0588241945502121));
#1584=DIRECTION('',(-0.278870618600757,0.905552052298517,-0.319697761423466));
#1585=DIRECTION('center_axis',(0.,-1.,0.));
#1586=DIRECTION('ref_axis',(-0.97358310817102,0.,-0.228332939989078));
#1587=DIRECTION('center_axis',(1.00387451049732E-29,1.,9.38707882694356E-30));
#1588=DIRECTION('ref_axis',(-0.974927912181824,1.187587435381E-29,-0.222520933956315));
#1589=DIRECTION('',(-0.681378963193779,0.,-0.731930808558412));
#1590=DIRECTION('center_axis',(0.,1.,0.));
#1591=DIRECTION('ref_axis',(-0.948374012767483,0.,-0.317154113811095));
#1592=DIRECTION('',(-0.300872247548463,0.911903482637091,-0.279119918689943));
#1593=DIRECTION('center_axis',(0.,1.,0.));
#1594=DIRECTION('ref_axis',(-0.998268357775362,0.,0.0588241945502121));
#1595=DIRECTION('',(-0.961862872133323,0.,-0.273532110018979));
#1596=DIRECTION('center_axis',(0.,-1.,0.));
#1597=DIRECTION('ref_axis',(-0.222520933956315,0.,0.974927912181824));
#1598=DIRECTION('center_axis',(0.,-1.,0.));
#1599=DIRECTION('ref_axis',(0.974927912181824,0.,0.222520933956315));
#1600=DIRECTION('center_axis',(0.,1.,0.));
#1601=DIRECTION('ref_axis',(1.,0.,0.));
#1602=DIRECTION('center_axis',(0.,1.,0.));
#1603=DIRECTION('ref_axis',(1.,0.,0.));
#1604=DIRECTION('',(0.,1.,0.));
#1605=DIRECTION('center_axis',(0.,1.,0.));
#1606=DIRECTION('ref_axis',(1.,0.,0.));
#1607=DIRECTION('center_axis',(0.,-1.,0.));
#1608=DIRECTION('ref_axis',(1.,0.,0.));
#1609=DIRECTION('center_axis',(0.,1.,0.));
#1610=DIRECTION('ref_axis',(1.,0.,0.));
#1611=DIRECTION('center_axis',(0.,1.,0.));
#1612=DIRECTION('ref_axis',(1.,0.,0.));
#1613=DIRECTION('',(0.,1.,0.));
#1614=DIRECTION('center_axis',(0.,1.,0.));
#1615=DIRECTION('ref_axis',(1.,0.,0.));
#1616=DIRECTION('center_axis',(0.,-1.,0.));
#1617=DIRECTION('ref_axis',(1.,0.,0.));
#1618=DIRECTION('center_axis',(0.,1.,0.));
#1619=DIRECTION('ref_axis',(1.,0.,0.));
#1620=DIRECTION('center_axis',(0.,1.,0.));
#1621=DIRECTION('ref_axis',(1.,0.,0.));
#1622=DIRECTION('',(0.,1.,0.));
#1623=DIRECTION('center_axis',(0.,1.,0.));
#1624=DIRECTION('ref_axis',(1.,0.,0.));
#1625=DIRECTION('center_axis',(0.,-1.,0.));
#1626=DIRECTION('ref_axis',(1.,0.,0.));
#1627=DIRECTION('center_axis',(0.,-1.,0.));
#1628=DIRECTION('ref_axis',(-0.576419533361024,0.,0.817153915465048));
#1629=DIRECTION('',(-0.423822761491027,0.905552052298517,0.0187015352328086));
#1630=DIRECTION('center_axis',(0.,-1.,0.));
#1631=DIRECTION('ref_axis',(-0.785537020174504,0.,0.618814665255568));
#1632=DIRECTION('center_axis',(1.35981689517236E-29,1.,-1.99585904969648E-30));
#1633=DIRECTION('ref_axis',(-0.78183148246803,1.187587435381E-29,0.623489801858733));
#1634=DIRECTION('',(-0.997079383871646,0.,0.076372130113934));
#1635=DIRECTION('center_axis',(0.,1.,0.));
#1636=DIRECTION('ref_axis',(-0.839262596280133,0.,0.543726304757394));
#1637=DIRECTION('',(-0.405815517824497,0.911903482637091,0.0612029725354842));
#1638=DIRECTION('center_axis',(0.,1.,0.));
#1639=DIRECTION('ref_axis',(-0.576419533361024,0.,0.817153915465049));
#1640=DIRECTION('',(-0.813567706640424,0.,0.581470194173218));
#1641=DIRECTION('center_axis',(0.,-1.,0.));
#1642=DIRECTION('ref_axis',(0.623489801858733,0.,0.78183148246803));
#1643=DIRECTION('center_axis',(0.,-1.,0.));
#1644=DIRECTION('ref_axis',(0.78183148246803,0.,-0.623489801858733));
#1645=CARTESIAN_POINT('',(0.,0.,0.));
#1646=CARTESIAN_POINT('Origin',(0.,0.,0.));
#1647=CARTESIAN_POINT('',(-0.8,0.,-9.79717439317883E-17));
#1648=CARTESIAN_POINT('Origin',(0.,0.,0.));
#1649=CARTESIAN_POINT('',(-0.8,4.,-9.79717439317883E-17));
#1650=CARTESIAN_POINT('',(-0.8,0.,9.79717439317883E-17));
#1651=CARTESIAN_POINT('Origin',(0.,4.,0.));
#1652=CARTESIAN_POINT('Origin',(0.,4.,0.));
#1653=CARTESIAN_POINT('Origin',(2.5,0.,0.));
#1654=CARTESIAN_POINT('',(1.45,0.,-1.28587913910472E-16));
#1655=CARTESIAN_POINT('Origin',(2.5,0.,0.));
#1656=CARTESIAN_POINT('',(1.45,4.,-1.28587913910472E-16));
#1657=CARTESIAN_POINT('',(1.45,0.,1.28587913910472E-16));
#1658=CARTESIAN_POINT('Origin',(2.5,4.,0.));
#1659=CARTESIAN_POINT('Origin',(2.5,4.,0.));
#1660=CARTESIAN_POINT('Origin',(-2.5,0.,0.));
#1661=CARTESIAN_POINT('',(-3.55,0.,-1.28587913910472E-16));
#1662=CARTESIAN_POINT('Origin',(-2.5,0.,0.));
#1663=CARTESIAN_POINT('',(-3.55,4.,-1.28587913910472E-16));
#1664=CARTESIAN_POINT('',(-3.55,0.,1.28587913910472E-16));
#1665=CARTESIAN_POINT('Origin',(-2.5,4.,0.));
#1666=CARTESIAN_POINT('Origin',(-2.5,4.,0.));
#1667=CARTESIAN_POINT('Ctrl Pts',(14.9168730497731,0.,1.57699030337971));
#1668=CARTESIAN_POINT('Ctrl Pts',(13.3547794300433,5.66666666666667,3.72349283013024));
#1669=CARTESIAN_POINT('Ctrl Pts',(11.7926858103136,11.3333333333333,5.86999535688077));
#1670=CARTESIAN_POINT('Ctrl Pts',(10.2305921905839,17.,8.0164978836313));
#1671=CARTESIAN_POINT('Ctrl Pts',(13.5034428186134,0.,1.93542226488492));
#1672=CARTESIAN_POINT('Ctrl Pts',(11.707077119699,5.66666666666668,3.85154649068363));
#1673=CARTESIAN_POINT('Ctrl Pts',(9.9120215750644,11.3333333333333,5.76492687934644));
#1674=CARTESIAN_POINT('Ctrl Pts',(8.11565587615003,17.,7.68105110514515));
#1675=CARTESIAN_POINT('Ctrl Pts',(10.9375621089467,0.,2.19716233369465));
#1676=CARTESIAN_POINT('Ctrl Pts',(8.81139756316283,5.66666666666665,3.53292900763545));
#1677=CARTESIAN_POINT('Ctrl Pts',(6.68463481769164,11.3333333333334,4.8696598303815));
#1678=CARTESIAN_POINT('Ctrl Pts',(4.55847027190773,17.,6.20542650432229));
#1679=CARTESIAN_POINT('Ctrl Pts',(8.40096807427251,0.,1.80088163695905));
#1680=CARTESIAN_POINT('Ctrl Pts',(6.24092414406218,5.66666666666668,2.35370503944306));
#1681=CARTESIAN_POINT('Ctrl Pts',(4.0814346427163,11.3333333333333,2.90656950780451));
#1682=CARTESIAN_POINT('Ctrl Pts',(1.92139071250596,17.,3.45939291028852));
#1683=CARTESIAN_POINT('Ctrl Pts',(7.34546680471574,0.,1.51463441820764));
#1684=CARTESIAN_POINT('Ctrl Pts',(5.24009690949651,5.66666666666667,1.71771454140188));
#1685=CARTESIAN_POINT('Ctrl Pts',(3.13472701427729,11.3333333333333,1.92079466459611));
#1686=CARTESIAN_POINT('Ctrl Pts',(1.02935711905806,17.,2.12387478779035));
#1687=CARTESIAN_POINT('',(7.34546680471573,0.,1.51463441820764));
#1688=CARTESIAN_POINT('',(1.03310030322072,17.,2.12947594128471));
#1689=CARTESIAN_POINT('Ctrl Pts',(7.34546680471574,-8.32667268468867E-16,
1.51463441820764));
#1690=CARTESIAN_POINT('Ctrl Pts',(7.26667230902196,2.95392185940043,1.89676118461119));
#1691=CARTESIAN_POINT('Ctrl Pts',(6.80908195102687,5.71777980949671,2.58277590086174));
#1692=CARTESIAN_POINT('Ctrl Pts',(4.92273243644429,10.7761248936206,3.24075736041569));
#1693=CARTESIAN_POINT('Ctrl Pts',(3.82927275874733,12.7102411259447,3.2527265329874));
#1694=CARTESIAN_POINT('Ctrl Pts',(2.15445458301818,15.3574058238691,2.73945768440319));
#1695=CARTESIAN_POINT('Ctrl Pts',(1.58197897996702,16.2095798688006,2.48257781122202));
#1696=CARTESIAN_POINT('Ctrl Pts',(1.03310030322071,17.,2.1294759412847));
#1697=CARTESIAN_POINT('',(14.9168730497731,0.,1.5769903033797));
#1698=CARTESIAN_POINT('Origin',(11.2500001676381,0.,-12.8828501741945));
#1699=CARTESIAN_POINT('',(10.2305921905839,17.,8.0164978836313));
#1700=CARTESIAN_POINT('',(14.9168730497731,0.,1.5769903033797));
#1701=CARTESIAN_POINT('Origin',(12.3662347207222,17.,-5.44837413577701));
#1702=CARTESIAN_POINT('Origin',(5.83186743689968,17.,5.00106279321661));
#1703=CARTESIAN_POINT('',(2.12067048542461,17.,1.05105695053791));
#1704=CARTESIAN_POINT('Ctrl Pts',(1.03310030322072,17.,2.12947594128471));
#1705=CARTESIAN_POINT('Ctrl Pts',(1.12844114968187,17.,2.08322199895141));
#1706=CARTESIAN_POINT('Ctrl Pts',(1.22074781596706,17.,2.03053029920456));
#1707=CARTESIAN_POINT('Ctrl Pts',(1.54702647066567,17.,1.81385496124056));
#1708=CARTESIAN_POINT('Ctrl Pts',(1.75421059433761,17.,1.61434380231442));
#1709=CARTESIAN_POINT('Ctrl Pts',(1.9966095245321,17.,1.27761886758111));
#1710=CARTESIAN_POINT('Ctrl Pts',(2.06338269273789,17.,1.16664396136895));
#1711=CARTESIAN_POINT('Ctrl Pts',(2.12067048542462,17.,1.05105695053792));
#1712=CARTESIAN_POINT('',(11.1751280640474,17.,6.62620477521571));
#1713=CARTESIAN_POINT('',(11.1751280640474,17.,6.62620477521571));
#1714=CARTESIAN_POINT('Origin',(12.3662347207222,17.,-5.44837413577701));
#1715=CARTESIAN_POINT('Ctrl Pts',(7.50000011175871,0.,0.));
#1716=CARTESIAN_POINT('Ctrl Pts',(5.70666677473734,5.66666666666667,0.350000016624108));
#1717=CARTESIAN_POINT('Ctrl Pts',(3.91333343771597,11.3333333333333,0.700000033248216));
#1718=CARTESIAN_POINT('Ctrl Pts',(2.1200001006946,17.,1.05000004987232));
#1719=CARTESIAN_POINT('Ctrl Pts',(8.89015852447567,0.,0.404653788166539));
#1720=CARTESIAN_POINT('Ctrl Pts',(7.00672036859827,5.66666666666668,1.21082916375273));
#1721=CARTESIAN_POINT('Ctrl Pts',(5.12643920210209,11.3333333333333,2.01450312980266));
#1722=CARTESIAN_POINT('Ctrl Pts',(3.24300104622468,17.,2.82067850538886));
#1723=CARTESIAN_POINT('Ctrl Pts',(11.4381920051103,0.,0.715239606995017));
#1724=CARTESIAN_POINT('Ctrl Pts',(9.63519622349701,5.66666666666665,2.27457862861661));
#1725=CARTESIAN_POINT('Ctrl Pts',(7.83115513055413,11.3333333333334,3.83496265833404));
#1726=CARTESIAN_POINT('Ctrl Pts',(6.02815934894087,17.,5.39430167995564));
#1727=CARTESIAN_POINT('Ctrl Pts',(13.9573814139797,0.,0.303490341124904));
#1728=CARTESIAN_POINT('Ctrl Pts',(12.5084056911175,5.66666666666668,2.35982551779241));
#1729=CARTESIAN_POINT('Ctrl Pts',(11.0591242458883,11.3333333333333,4.41549091895938));
#1730=CARTESIAN_POINT('Ctrl Pts',(9.61014852302614,17.,6.47182609562688));
#1731=CARTESIAN_POINT('Ctrl Pts',(15.0000002235174,0.,0.));
#1732=CARTESIAN_POINT('Ctrl Pts',(13.7250428370274,5.66666666666667,2.2087349250719));
#1733=CARTESIAN_POINT('Ctrl Pts',(12.4500854505374,11.3333333333333,4.41746985014381));
#1734=CARTESIAN_POINT('Ctrl Pts',(11.1751280640474,17.,6.62620477521571));
#1735=CARTESIAN_POINT('',(7.5,2.11400492332643E-7,2.08166817117217E-16));
#1736=CARTESIAN_POINT('Ctrl Pts',(2.12067048542461,17.,1.05105695053791));
#1737=CARTESIAN_POINT('Ctrl Pts',(2.68696249627898,16.0526293914444,1.41255220354779));
#1738=CARTESIAN_POINT('Ctrl Pts',(3.36669142085628,14.9133074195309,1.70231621239896));
#1739=CARTESIAN_POINT('Ctrl Pts',(4.76480223984387,12.2923460762784,1.95259719807253));
#1740=CARTESIAN_POINT('Ctrl Pts',(5.38802982341992,10.9737992066874,1.90614921768036));
#1741=CARTESIAN_POINT('Ctrl Pts',(7.05677493514291,6.47344157098529,1.3898023376461));
#1742=CARTESIAN_POINT('Ctrl Pts',(7.49999998464863,3.43009303926779,0.527837926489747));
#1743=CARTESIAN_POINT('Ctrl Pts',(7.5,2.11400492944325E-7,4.16333634234434E-16));
#1744=CARTESIAN_POINT('',(15.0000002235174,0.,0.));
#1745=CARTESIAN_POINT('',(15.0000002235174,0.,0.));
#1746=CARTESIAN_POINT('Origin',(11.2500001676381,0.,-12.8828501741945));
#1747=CARTESIAN_POINT('Ctrl Pts',(15.0000002235174,0.,0.));
#1748=CARTESIAN_POINT('Ctrl Pts',(13.7250428370274,5.66666666666667,2.2087349250719));
#1749=CARTESIAN_POINT('Ctrl Pts',(12.4500854505374,11.3333333333333,4.41746985014381));
#1750=CARTESIAN_POINT('Ctrl Pts',(11.1751280640474,17.,6.62620477521571));
#1751=CARTESIAN_POINT('Ctrl Pts',(14.9722911656026,0.,0.525663434459901));
#1752=CARTESIAN_POINT('Ctrl Pts',(13.6016217013661,5.66666666666666,2.71365422675801));
#1753=CARTESIAN_POINT('Ctrl Pts',(12.2309522371295,11.3333333333333,4.90164501905613));
#1754=CARTESIAN_POINT('Ctrl Pts',(10.8602827728929,17.,7.08963581135424));
#1755=CARTESIAN_POINT('Ctrl Pts',(14.9445821076879,0.,1.0513268689198));
#1756=CARTESIAN_POINT('Ctrl Pts',(13.4782005657047,5.66666666666667,3.21857352844413));
#1757=CARTESIAN_POINT('Ctrl Pts',(12.0118190237215,11.3333333333333,5.38582018796845));
#1758=CARTESIAN_POINT('Ctrl Pts',(10.5454374817384,17.,7.55306684749277));
#1759=CARTESIAN_POINT('Ctrl Pts',(14.9168730497731,0.,1.5769903033797));
#1760=CARTESIAN_POINT('Ctrl Pts',(13.3547794300433,5.66666666666667,3.72349283013024));
#1761=CARTESIAN_POINT('Ctrl Pts',(11.7926858103136,11.3333333333333,5.86999535688077));
#1762=CARTESIAN_POINT('Ctrl Pts',(10.2305921905839,17.,8.0164978836313));
#1763=CARTESIAN_POINT('',(14.9168730497731,0.,1.5769903033797));
#1764=CARTESIAN_POINT('Ctrl Pts',(7.5,0.,0.));
#1765=CARTESIAN_POINT('Ctrl Pts',(7.5,0.,7.5));
#1766=CARTESIAN_POINT('Ctrl Pts',(0.,0.,7.5));
#1767=CARTESIAN_POINT('Ctrl Pts',(-7.5,0.,7.5));
#1768=CARTESIAN_POINT('Ctrl Pts',(-7.5,0.,0.));
#1769=CARTESIAN_POINT('Ctrl Pts',(-7.5,0.,-7.5));
#1770=CARTESIAN_POINT('Ctrl Pts',(0.,0.,-7.5));
#1771=CARTESIAN_POINT('Ctrl Pts',(7.5,0.,-7.5));
#1772=CARTESIAN_POINT('Ctrl Pts',(7.5,0.,0.));
#1773=CARTESIAN_POINT('Ctrl Pts',(7.50000000000001,1.28619927878427,0.));
#1774=CARTESIAN_POINT('Ctrl Pts',(7.50000000000001,1.28619927878427,7.50000000000001));
#1775=CARTESIAN_POINT('Ctrl Pts',(0.,1.28619927878427,7.50000000000001));
#1776=CARTESIAN_POINT('Ctrl Pts',(-7.50000000000001,1.28619927878427,7.50000000000001));
#1777=CARTESIAN_POINT('Ctrl Pts',(-7.50000000000001,1.28619927878427,0.));
#1778=CARTESIAN_POINT('Ctrl Pts',(-7.50000000000001,1.28619927878427,-7.50000000000001));
#1779=CARTESIAN_POINT('Ctrl Pts',(0.,1.28619927878427,-7.50000000000001));
#1780=CARTESIAN_POINT('Ctrl Pts',(7.50000000000001,1.28619927878427,-7.50000000000001));
#1781=CARTESIAN_POINT('Ctrl Pts',(7.50000000000001,1.28619927878427,0.));
#1782=CARTESIAN_POINT('Ctrl Pts',(7.41244261914784,3.71669671827733,0.));
#1783=CARTESIAN_POINT('Ctrl Pts',(7.41244261914784,3.71669671827733,7.41244261914784));
#1784=CARTESIAN_POINT('Ctrl Pts',(0.,3.71669671827733,7.41244261914784));
#1785=CARTESIAN_POINT('Ctrl Pts',(-7.41244261914784,3.71669671827733,7.41244261914784));
#1786=CARTESIAN_POINT('Ctrl Pts',(-7.41244261914784,3.71669671827733,0.));
#1787=CARTESIAN_POINT('Ctrl Pts',(-7.41244261914784,3.71669671827733,-7.41244261914784));
#1788=CARTESIAN_POINT('Ctrl Pts',(0.,3.71669671827733,-7.41244261914784));
#1789=CARTESIAN_POINT('Ctrl Pts',(7.41244261914784,3.71669671827733,-7.41244261914784));
#1790=CARTESIAN_POINT('Ctrl Pts',(7.41244261914784,3.71669671827733,0.));
#1791=CARTESIAN_POINT('Ctrl Pts',(7.01867070179865,6.9371224805602,0.));
#1792=CARTESIAN_POINT('Ctrl Pts',(7.01867070179865,6.9371224805602,7.01867070179865));
#1793=CARTESIAN_POINT('Ctrl Pts',(0.,6.9371224805602,7.01867070179865));
#1794=CARTESIAN_POINT('Ctrl Pts',(-7.01867070179865,6.9371224805602,7.01867070179865));
#1795=CARTESIAN_POINT('Ctrl Pts',(-7.01867070179865,6.9371224805602,0.));
#1796=CARTESIAN_POINT('Ctrl Pts',(-7.01867070179865,6.9371224805602,-7.01867070179865));
#1797=CARTESIAN_POINT('Ctrl Pts',(0.,6.9371224805602,-7.01867070179865));
#1798=CARTESIAN_POINT('Ctrl Pts',(7.01867070179865,6.9371224805602,-7.01867070179865));
#1799=CARTESIAN_POINT('Ctrl Pts',(7.01867070179865,6.9371224805602,0.));
#1800=CARTESIAN_POINT('Ctrl Pts',(6.04117495022571,10.4977271642633,0.));
#1801=CARTESIAN_POINT('Ctrl Pts',(6.04117495022571,10.4977271642633,6.04117495022571));
#1802=CARTESIAN_POINT('Ctrl Pts',(0.,10.4977271642633,6.04117495022571));
#1803=CARTESIAN_POINT('Ctrl Pts',(-6.04117495022571,10.4977271642633,6.04117495022571));
#1804=CARTESIAN_POINT('Ctrl Pts',(-6.04117495022571,10.4977271642633,0.));
#1805=CARTESIAN_POINT('Ctrl Pts',(-6.04117495022571,10.4977271642633,-6.04117495022571));
#1806=CARTESIAN_POINT('Ctrl Pts',(0.,10.4977271642633,-6.04117495022571));
#1807=CARTESIAN_POINT('Ctrl Pts',(6.04117495022571,10.4977271642633,-6.04117495022571));
#1808=CARTESIAN_POINT('Ctrl Pts',(6.04117495022571,10.4977271642633,0.));
#1809=CARTESIAN_POINT('Ctrl Pts',(4.3173323129091,14.1349534015122,0.));
#1810=CARTESIAN_POINT('Ctrl Pts',(4.3173323129091,14.1349534015122,4.3173323129091));
#1811=CARTESIAN_POINT('Ctrl Pts',(0.,14.1349534015122,4.3173323129091));
#1812=CARTESIAN_POINT('Ctrl Pts',(-4.3173323129091,14.1349534015122,4.3173323129091));
#1813=CARTESIAN_POINT('Ctrl Pts',(-4.3173323129091,14.1349534015122,0.));
#1814=CARTESIAN_POINT('Ctrl Pts',(-4.3173323129091,14.1349534015122,-4.3173323129091));
#1815=CARTESIAN_POINT('Ctrl Pts',(0.,14.1349534015122,-4.3173323129091));
#1816=CARTESIAN_POINT('Ctrl Pts',(4.3173323129091,14.1349534015122,-4.3173323129091));
#1817=CARTESIAN_POINT('Ctrl Pts',(4.3173323129091,14.1349534015122,0.));
#1818=CARTESIAN_POINT('Ctrl Pts',(2.69190846131236,16.6454841687655,0.));
#1819=CARTESIAN_POINT('Ctrl Pts',(2.69190846131236,16.6454841687655,2.69190846131236));
#1820=CARTESIAN_POINT('Ctrl Pts',(0.,16.6454841687655,2.69190846131236));
#1821=CARTESIAN_POINT('Ctrl Pts',(-2.69190846131236,16.6454841687655,2.69190846131236));
#1822=CARTESIAN_POINT('Ctrl Pts',(-2.69190846131236,16.6454841687655,0.));
#1823=CARTESIAN_POINT('Ctrl Pts',(-2.69190846131236,16.6454841687655,-2.69190846131236));
#1824=CARTESIAN_POINT('Ctrl Pts',(0.,16.6454841687655,-2.69190846131236));
#1825=CARTESIAN_POINT('Ctrl Pts',(2.69190846131236,16.6454841687655,-2.69190846131236));
#1826=CARTESIAN_POINT('Ctrl Pts',(2.69190846131236,16.6454841687655,0.));
#1827=CARTESIAN_POINT('Ctrl Pts',(1.37979097722808,18.3775800903139,0.));
#1828=CARTESIAN_POINT('Ctrl Pts',(1.37979097722808,18.3775800903139,1.37979097722808));
#1829=CARTESIAN_POINT('Ctrl Pts',(0.,18.3775800903139,1.37979097722808));
#1830=CARTESIAN_POINT('Ctrl Pts',(-1.37979097722808,18.3775800903139,1.37979097722808));
#1831=CARTESIAN_POINT('Ctrl Pts',(-1.37979097722808,18.3775800903139,0.));
#1832=CARTESIAN_POINT('Ctrl Pts',(-1.37979097722808,18.3775800903139,-1.37979097722808));
#1833=CARTESIAN_POINT('Ctrl Pts',(0.,18.3775800903139,-1.37979097722808));
#1834=CARTESIAN_POINT('Ctrl Pts',(1.37979097722808,18.3775800903139,-1.37979097722808));
#1835=CARTESIAN_POINT('Ctrl Pts',(1.37979097722808,18.3775800903139,0.));
#1836=CARTESIAN_POINT('Ctrl Pts',(0.466377743810259,19.469642463486,0.));
#1837=CARTESIAN_POINT('Ctrl Pts',(0.466377743810259,19.469642463486,0.466377743810259));
#1838=CARTESIAN_POINT('Ctrl Pts',(0.,19.469642463486,0.466377743810259));
#1839=CARTESIAN_POINT('Ctrl Pts',(-0.466377743810259,19.469642463486,0.466377743810259));
#1840=CARTESIAN_POINT('Ctrl Pts',(-0.466377743810259,19.469642463486,0.));
#1841=CARTESIAN_POINT('Ctrl Pts',(-0.466377743810259,19.469642463486,-0.466377743810259));
#1842=CARTESIAN_POINT('Ctrl Pts',(0.,19.469642463486,-0.466377743810259));
#1843=CARTESIAN_POINT('Ctrl Pts',(0.466377743810259,19.469642463486,-0.466377743810259));
#1844=CARTESIAN_POINT('Ctrl Pts',(0.466377743810259,19.469642463486,0.));
#1845=CARTESIAN_POINT('Ctrl Pts',(0.,20.,0.));
#1846=CARTESIAN_POINT('Ctrl Pts',(0.,20.,0.));
#1847=CARTESIAN_POINT('Ctrl Pts',(0.,20.,0.));
#1848=CARTESIAN_POINT('Ctrl Pts',(0.,20.,0.));
#1849=CARTESIAN_POINT('Ctrl Pts',(0.,20.,0.));
#1850=CARTESIAN_POINT('Ctrl Pts',(0.,20.,0.));
#1851=CARTESIAN_POINT('Ctrl Pts',(0.,20.,0.));
#1852=CARTESIAN_POINT('Ctrl Pts',(0.,20.,0.));
#1853=CARTESIAN_POINT('Ctrl Pts',(0.,20.,0.));
#1854=CARTESIAN_POINT('',(0.,20.,0.));
#1855=CARTESIAN_POINT('Ctrl Pts',(0.,20.,0.));
#1856=CARTESIAN_POINT('Ctrl Pts',(0.466377743810259,19.469642463486,0.));
#1857=CARTESIAN_POINT('Ctrl Pts',(1.37979097722808,18.3775800903139,0.));
#1858=CARTESIAN_POINT('Ctrl Pts',(2.69190846131236,16.6454841687655,0.));
#1859=CARTESIAN_POINT('Ctrl Pts',(4.3173323129091,14.1349534015122,0.));
#1860=CARTESIAN_POINT('Ctrl Pts',(6.04117495022571,10.4977271642633,0.));
#1861=CARTESIAN_POINT('Ctrl Pts',(7.01867070179865,6.9371224805602,0.));
#1862=CARTESIAN_POINT('Ctrl Pts',(7.41244261914784,3.71669671827733,0.));
#1863=CARTESIAN_POINT('Ctrl Pts',(7.50000000000001,1.28619927878427,0.));
#1864=CARTESIAN_POINT('Ctrl Pts',(7.5,0.,0.));
#1865=CARTESIAN_POINT('Origin',(0.,0.,0.));
#1866=CARTESIAN_POINT('Origin',(0.,0.,0.));
#1867=CARTESIAN_POINT('Origin',(0.,0.,0.));
#1868=CARTESIAN_POINT('',(-0.8,0.,-9.79717439317883E-17));
#1869=CARTESIAN_POINT('Origin',(0.,0.,0.));
#1870=CARTESIAN_POINT('',(-0.8,4.,-9.79717439317883E-17));
#1871=CARTESIAN_POINT('',(-0.8,0.,9.79717439317883E-17));
#1872=CARTESIAN_POINT('Origin',(0.,4.,0.));
#1873=CARTESIAN_POINT('Origin',(0.,4.,0.));
#1874=CARTESIAN_POINT('Origin',(2.5,0.,0.));
#1875=CARTESIAN_POINT('',(1.45,0.,-1.28587913910472E-16));
#1876=CARTESIAN_POINT('Origin',(2.5,0.,0.));
#1877=CARTESIAN_POINT('',(1.45,4.,-1.28587913910472E-16));
#1878=CARTESIAN_POINT('',(1.45,0.,1.28587913910472E-16));
#1879=CARTESIAN_POINT('Origin',(2.5,4.,0.));
#1880=CARTESIAN_POINT('Origin',(2.5,4.,0.));
#1881=CARTESIAN_POINT('Origin',(-2.5,0.,0.));
#1882=CARTESIAN_POINT('',(-3.55,0.,-1.28587913910472E-16));
#1883=CARTESIAN_POINT('Origin',(-2.5,0.,0.));
#1884=CARTESIAN_POINT('',(-3.55,4.,-1.28587913910472E-16));
#1885=CARTESIAN_POINT('',(-3.55,0.,1.28587913910472E-16));
#1886=CARTESIAN_POINT('Origin',(-2.5,4.,0.));
#1887=CARTESIAN_POINT('Origin',(-2.5,4.,0.));
#1888=CARTESIAN_POINT('Ctrl Pts',(10.533458888884,0.,-10.6792435985041));
#1889=CARTESIAN_POINT('Ctrl Pts',(11.2377127000446,5.66666666666667,-8.11962719294402));
#1890=CARTESIAN_POINT('Ctrl Pts',(11.9419665112053,11.3333333333333,-5.56001078738391));
#1891=CARTESIAN_POINT('Ctrl Pts',(12.6462203223659,17.,-3.00039438182381));
#1892=CARTESIAN_POINT('Ctrl Pts',(9.93243294594459,0.,-9.35070067285268));
#1893=CARTESIAN_POINT('Ctrl Pts',(10.3105034963118,5.66666666666668,-6.75156150153579));
#1894=CARTESIAN_POINT('Ctrl Pts',(10.6872456962556,11.3333333333333,-4.15515740455389));
#1895=CARTESIAN_POINT('Ctrl Pts',(11.0653162466228,17.,-1.556018233237));
#1896=CARTESIAN_POINT('Ctrl Pts',(8.53727269920322,0.,-7.18141901387578));
#1897=CARTESIAN_POINT('Ctrl Pts',(8.25597522675186,5.66666666666665,-4.68627973620973));
#1898=CARTESIAN_POINT('Ctrl Pts',(7.97506288888996,11.3333333333334,-2.19004752828582));
#1899=CARTESIAN_POINT('Ctrl Pts',(7.6937654164386,17.,0.305091749380241));
#1900=CARTESIAN_POINT('Ctrl Pts',(6.64590388002286,0.,-5.44530998867644));
#1901=CARTESIAN_POINT('Ctrl Pts',(5.73135325827695,5.66666666666668,-3.4118398868464));
#1902=CARTESIAN_POINT('Ctrl Pts',(4.81718042386972,11.3333333333333,-1.37877765080159));
#1903=CARTESIAN_POINT('Ctrl Pts',(3.90262980212382,17.,0.654692451028453));
#1904=CARTESIAN_POINT('Ctrl Pts',(5.7640125152165,0.,-4.79855808805391));
#1905=CARTESIAN_POINT('Ctrl Pts',(4.61011029018366,5.66666666666667,-3.02589523595928));
#1906=CARTESIAN_POINT('Ctrl Pts',(3.45620806515083,11.3333333333333,-1.25323238386465));
#1907=CARTESIAN_POINT('Ctrl Pts',(2.30230584011799,17.,0.519430468229978));
#1908=CARTESIAN_POINT('',(5.7640125152165,0.,-4.7985580880539));
#1909=CARTESIAN_POINT('',(2.30901883540991,17.,0.519996191089319));
#1910=CARTESIAN_POINT('Ctrl Pts',(5.7640125152165,-1.11022302462516E-15,
-4.79855808805391));
#1911=CARTESIAN_POINT('Ctrl Pts',(6.01364368697683,2.95392185940043,-4.49870192880545));
#1912=CARTESIAN_POINT('Ctrl Pts',(6.26468866793906,5.71777980949671,-3.71322020134384));
#1913=CARTESIAN_POINT('Ctrl Pts',(5.60299960281519,10.7761248936206,-1.82816803406089));
#1914=CARTESIAN_POINT('Ctrl Pts',(4.93059652096306,12.7102411259447,-0.965804176192906));
#1915=CARTESIAN_POINT('Ctrl Pts',(3.48507472363502,15.3574058238691,0.023603508297784));
#1916=CARTESIAN_POINT('Ctrl Pts',(2.92730525125427,16.2095798688006,0.311020976476826));
#1917=CARTESIAN_POINT('Ctrl Pts',(2.3090188354099,17.,0.51999619108932));
#1918=CARTESIAN_POINT('',(10.533458888884,0.,-10.6792435985041));
#1919=CARTESIAN_POINT('Origin',(-3.05795747467266,0.,-16.8279300113144));
#1920=CARTESIAN_POINT('',(12.6462203223659,17.,-3.00039438182381));
#1921=CARTESIAN_POINT('',(10.533458888884,0.,-10.6792435985041));
#1922=CARTESIAN_POINT('Origin',(3.45051080814665,17.,-13.0653173346177));
#1923=CARTESIAN_POINT('Origin',(7.54609821023523,17.,-1.4414259137226));
#1924=CARTESIAN_POINT('',(2.14396583456244,17.,-1.00268365961259));
#1925=CARTESIAN_POINT('Ctrl Pts',(2.30901883540991,17.,0.51999619108932));
#1926=CARTESIAN_POINT('Ctrl Pts',(2.33230009257458,17.,0.416616854420268));
#1927=CARTESIAN_POINT('Ctrl Pts',(2.34865632792014,17.,0.311595859242067));
#1928=CARTESIAN_POINT('Ctrl Pts',(2.38268414099425,17.,-0.0785939285934667));
#1929=CARTESIAN_POINT('Ctrl Pts',(2.35587722405861,17.,-0.3649701720952));
#1930=CARTESIAN_POINT('Ctrl Pts',(2.24374833010984,17.,-0.7644298498756));
#1931=CARTESIAN_POINT('Ctrl Pts',(2.19861704408335,17.,-0.885826937248527));
#1932=CARTESIAN_POINT('Ctrl Pts',(2.14396583456244,17.,-1.00268365961259));
#1933=CARTESIAN_POINT('',(12.1481538849425,17.,-4.60569583870962));
#1934=CARTESIAN_POINT('',(12.1481538849425,17.,-4.60569583870962));
#1935=CARTESIAN_POINT('Origin',(3.45051080814665,17.,-13.0653173346177));
#1936=CARTESIAN_POINT('Ctrl Pts',(4.67617358362092,0.,-5.8637362058867));
#1937=CARTESIAN_POINT('Ctrl Pts',(3.83168956851586,5.66666666666667,-4.24343030342843));
#1938=CARTESIAN_POINT('Ctrl Pts',(2.98720555341081,11.3333333333333,-2.62312440097015));
#1939=CARTESIAN_POINT('Ctrl Pts',(2.14272153830576,17.,-1.00281849851187));
#1940=CARTESIAN_POINT('Ctrl Pts',(5.85929424800662,0.,-6.69830830836127));
#1941=CARTESIAN_POINT('Ctrl Pts',(5.31528305440921,5.66666666666668,-4.72313493762716));
#1942=CARTESIAN_POINT('Ctrl Pts',(4.77128453076957,11.3333333333333,-2.75198940391724));
#1943=CARTESIAN_POINT('Ctrl Pts',(4.22727333717217,17.,-0.77681603318313));
#1944=CARTESIAN_POINT('Ctrl Pts',(7.69079494898871,0.,-8.49679248566672));
#1945=CARTESIAN_POINT('Ctrl Pts',(7.78578580530319,5.66666666666665,-6.11492164322298));
#1946=CARTESIAN_POINT('Ctrl Pts',(7.88094562897727,11.3333333333334,-3.73156981437581));
#1947=CARTESIAN_POINT('Ctrl Pts',(7.97593648529174,17.,-1.34969897193207));
#1948=CARTESIAN_POINT('Ctrl Pts',(8.93956327558538,0.,-10.7230970696095));
#1949=CARTESIAN_POINT('Ctrl Pts',(9.64384926886503,5.66666666666668,-8.30813822028837));
#1950=CARTESIAN_POINT('Ctrl Pts',(10.3474209957942,11.3333333333333,-5.89335794578999));
#1951=CARTESIAN_POINT('Ctrl Pts',(11.0517069890738,17.,-3.47839909646889));
#1952=CARTESIAN_POINT('Ctrl Pts',(9.35234716724183,0.,-11.7274724117734));
#1953=CARTESIAN_POINT('Ctrl Pts',(10.2842827398087,5.66666666666667,-9.35354688741881));
#1954=CARTESIAN_POINT('Ctrl Pts',(11.2162183123756,11.3333333333333,-6.97962136306421));
#1955=CARTESIAN_POINT('Ctrl Pts',(12.1481538849425,17.,-4.60569583870962));
#1956=CARTESIAN_POINT('',(4.6761735139405,2.11400500759789E-7,-5.86373611851022));
#1957=CARTESIAN_POINT('Ctrl Pts',(2.14396583456244,17.,-1.00268365961259));
#1958=CARTESIAN_POINT('Ctrl Pts',(2.77967149777008,16.0526293914444,-1.22003997829667));
#1959=CARTESIAN_POINT('Ctrl Pts',(3.43002217487842,14.9133074195309,-1.57080854661093));
#1960=CARTESIAN_POINT('Ctrl Pts',(4.49740756644827,12.2923460762784,-2.50784795870795));
#1961=CARTESIAN_POINT('Ctrl Pts',(4.84966911567734,10.9737992066874,-3.02406674638165));
#1962=CARTESIAN_POINT('Ctrl Pts',(5.48641842805331,6.47344157098529,-4.65068122486425));
#1963=CARTESIAN_POINT('Ctrl Pts',(5.08885381293941,3.4300930392678,-5.53463454230743));
#1964=CARTESIAN_POINT('Ctrl Pts',(4.6761735139405,2.11400502658776E-7,-5.86373611851022));
#1965=CARTESIAN_POINT('',(9.35234716724183,0.,-11.7274724117734));
#1966=CARTESIAN_POINT('',(9.35234716724183,0.,-11.7274724117734));
#1967=CARTESIAN_POINT('Origin',(-3.05795747467266,0.,-16.8279300113144));
#1968=CARTESIAN_POINT('Ctrl Pts',(9.35234716724183,0.,-11.7274724117734));
#1969=CARTESIAN_POINT('Ctrl Pts',(10.2842827398087,5.66666666666667,-9.35354688741881));
#1970=CARTESIAN_POINT('Ctrl Pts',(11.2162183123756,11.3333333333333,-6.97962136306421));
#1971=CARTESIAN_POINT('Ctrl Pts',(12.1481538849425,17.,-4.60569583870962));
#1972=CARTESIAN_POINT('Ctrl Pts',(9.74605107445587,0.,-11.3780628073503));
#1973=CARTESIAN_POINT('Ctrl Pts',(10.602092726554,5.66666666666666,-8.94224032259388));
#1974=CARTESIAN_POINT('Ctrl Pts',(11.4581343786522,11.3333333333333,-6.50641783783744));
#1975=CARTESIAN_POINT('Ctrl Pts',(12.3141760307503,17.,-4.07059535308101));
#1976=CARTESIAN_POINT('Ctrl Pts',(10.1397549816699,0.,-11.0286532029272));
#1977=CARTESIAN_POINT('Ctrl Pts',(10.9199027132993,5.66666666666667,-8.53093375776895));
#1978=CARTESIAN_POINT('Ctrl Pts',(11.7000504449287,11.3333333333333,-6.03321431261068));
#1979=CARTESIAN_POINT('Ctrl Pts',(12.4801981765581,17.,-3.53549486745241));
#1980=CARTESIAN_POINT('Ctrl Pts',(10.533458888884,0.,-10.6792435985041));
#1981=CARTESIAN_POINT('Ctrl Pts',(11.2377127000446,5.66666666666667,-8.11962719294402));
#1982=CARTESIAN_POINT('Ctrl Pts',(11.9419665112053,11.3333333333333,-5.56001078738391));
#1983=CARTESIAN_POINT('Ctrl Pts',(12.6462203223659,17.,-3.0003943818238));
#1984=CARTESIAN_POINT('',(10.533458888884,0.,-10.6792435985041));
#1985=CARTESIAN_POINT('Ctrl Pts',(4.6761735139405,0.,-5.86373611851022));
#1986=CARTESIAN_POINT('Ctrl Pts',(10.5399096324507,0.,-1.18756260456972));
#1987=CARTESIAN_POINT('Ctrl Pts',(5.86373611851022,0.,4.6761735139405));
#1988=CARTESIAN_POINT('Ctrl Pts',(1.18756260456972,0.,10.5399096324507));
#1989=CARTESIAN_POINT('Ctrl Pts',(-4.6761735139405,0.,5.86373611851022));
#1990=CARTESIAN_POINT('Ctrl Pts',(-10.5399096324507,0.,1.18756260456972));
#1991=CARTESIAN_POINT('Ctrl Pts',(-5.86373611851022,0.,-4.6761735139405));
#1992=CARTESIAN_POINT('Ctrl Pts',(-1.18756260456972,0.,-10.5399096324507));
#1993=CARTESIAN_POINT('Ctrl Pts',(4.6761735139405,0.,-5.86373611851022));
#1994=CARTESIAN_POINT('Ctrl Pts',(4.67617351394051,1.28619927878427,-5.86373611851023));
#1995=CARTESIAN_POINT('Ctrl Pts',(10.5399096324507,1.28619927878427,-1.18756260456972));
#1996=CARTESIAN_POINT('Ctrl Pts',(5.86373611851023,1.28619927878427,4.67617351394051));
#1997=CARTESIAN_POINT('Ctrl Pts',(1.18756260456972,1.28619927878427,10.5399096324507));
#1998=CARTESIAN_POINT('Ctrl Pts',(-4.67617351394051,1.28619927878427,5.86373611851023));
#1999=CARTESIAN_POINT('Ctrl Pts',(-10.5399096324507,1.28619927878427,1.18756260456972));
#2000=CARTESIAN_POINT('Ctrl Pts',(-5.86373611851023,1.28619927878427,-4.67617351394051));
#2001=CARTESIAN_POINT('Ctrl Pts',(-1.18756260456972,1.28619927878427,-10.5399096324507));
#2002=CARTESIAN_POINT('Ctrl Pts',(4.67617351394051,1.28619927878427,-5.86373611851023));
#2003=CARTESIAN_POINT('Ctrl Pts',(4.62158237990172,3.71669671827733,-5.79528100163756));
#2004=CARTESIAN_POINT('Ctrl Pts',(10.4168633815393,3.71669671827733,-1.17369862173584));
#2005=CARTESIAN_POINT('Ctrl Pts',(5.79528100163756,3.71669671827733,4.62158237990172));
#2006=CARTESIAN_POINT('Ctrl Pts',(1.17369862173584,3.71669671827733,10.4168633815393));
#2007=CARTESIAN_POINT('Ctrl Pts',(-4.62158237990172,3.71669671827733,5.79528100163756));
#2008=CARTESIAN_POINT('Ctrl Pts',(-10.4168633815393,3.71669671827733,1.17369862173584));
#2009=CARTESIAN_POINT('Ctrl Pts',(-5.79528100163756,3.71669671827733,-4.62158237990172));
#2010=CARTESIAN_POINT('Ctrl Pts',(-1.17369862173584,3.71669671827733,-10.4168633815393));
#2011=CARTESIAN_POINT('Ctrl Pts',(4.62158237990172,3.71669671827733,-5.79528100163756));
#2012=CARTESIAN_POINT('Ctrl Pts',(4.37606960517614,6.9371224805602,-5.48741771974217));
#2013=CARTESIAN_POINT('Ctrl Pts',(9.86348732491831,6.9371224805602,-1.11134811456603));
#2014=CARTESIAN_POINT('Ctrl Pts',(5.48741771974217,6.9371224805602,4.37606960517614));
#2015=CARTESIAN_POINT('Ctrl Pts',(1.11134811456603,6.9371224805602,9.86348732491831));
#2016=CARTESIAN_POINT('Ctrl Pts',(-4.37606960517614,6.9371224805602,5.48741771974217));
#2017=CARTESIAN_POINT('Ctrl Pts',(-9.86348732491831,6.9371224805602,1.11134811456603));
#2018=CARTESIAN_POINT('Ctrl Pts',(-5.48741771974217,6.9371224805602,-4.37606960517614));
#2019=CARTESIAN_POINT('Ctrl Pts',(-1.11134811456603,6.9371224805602,-9.86348732491831));
#2020=CARTESIAN_POINT('Ctrl Pts',(4.37606960517614,6.9371224805602,-5.48741771974217));
#2021=CARTESIAN_POINT('Ctrl Pts',(3.76661097271017,10.4977271642633,-4.72318076718369));
#2022=CARTESIAN_POINT('Ctrl Pts',(8.48979173989386,10.4977271642633,-0.95656979447352));
#2023=CARTESIAN_POINT('Ctrl Pts',(4.72318076718369,10.4977271642633,3.76661097271017));
#2024=CARTESIAN_POINT('Ctrl Pts',(0.95656979447352,10.4977271642633,8.48979173989386));
#2025=CARTESIAN_POINT('Ctrl Pts',(-3.76661097271017,10.4977271642633,4.72318076718369));
#2026=CARTESIAN_POINT('Ctrl Pts',(-8.48979173989386,10.4977271642633,0.95656979447352));
#2027=CARTESIAN_POINT('Ctrl Pts',(-4.72318076718369,10.4977271642633,-3.76661097271017));
#2028=CARTESIAN_POINT('Ctrl Pts',(-0.95656979447352,10.4977271642633,-8.48979173989386));
#2029=CARTESIAN_POINT('Ctrl Pts',(3.76661097271017,10.4977271642633,-4.72318076718369));
#2030=CARTESIAN_POINT('Ctrl Pts',(2.691812668334,14.1349534015122,-3.37542632250885));
#2031=CARTESIAN_POINT('Ctrl Pts',(6.06723899084285,14.1349534015122,-0.683613654174847));
#2032=CARTESIAN_POINT('Ctrl Pts',(3.37542632250885,14.1349534015122,2.691812668334));
#2033=CARTESIAN_POINT('Ctrl Pts',(0.683613654174847,14.1349534015122,6.06723899084285));
#2034=CARTESIAN_POINT('Ctrl Pts',(-2.691812668334,14.1349534015122,3.37542632250885));
#2035=CARTESIAN_POINT('Ctrl Pts',(-6.06723899084285,14.1349534015122,0.683613654174847));
#2036=CARTESIAN_POINT('Ctrl Pts',(-3.37542632250885,14.1349534015122,-2.691812668334));
#2037=CARTESIAN_POINT('Ctrl Pts',(-0.683613654174847,14.1349534015122,-6.06723899084285));
#2038=CARTESIAN_POINT('Ctrl Pts',(2.691812668334,14.1349534015122,-3.37542632250885));
#2039=CARTESIAN_POINT('Ctrl Pts',(1.67837747316549,16.6454841687655,-2.10461878297607));
#2040=CARTESIAN_POINT('Ctrl Pts',(3.78299625614156,16.6454841687655,-0.426241309810583));
#2041=CARTESIAN_POINT('Ctrl Pts',(2.10461878297607,16.6454841687655,1.67837747316549));
#2042=CARTESIAN_POINT('Ctrl Pts',(0.426241309810583,16.6454841687655,3.78299625614156));
#2043=CARTESIAN_POINT('Ctrl Pts',(-1.67837747316549,16.6454841687655,2.10461878297607));
#2044=CARTESIAN_POINT('Ctrl Pts',(-3.78299625614156,16.6454841687655,0.426241309810583));
#2045=CARTESIAN_POINT('Ctrl Pts',(-2.10461878297607,16.6454841687655,-1.67837747316549));
#2046=CARTESIAN_POINT('Ctrl Pts',(-0.426241309810583,16.6454841687655,-3.78299625614156));
#2047=CARTESIAN_POINT('Ctrl Pts',(1.67837747316549,16.6454841687655,-2.10461878297607));
#2048=CARTESIAN_POINT('Ctrl Pts',(0.860285602998404,18.3775800903139,-1.07876402522224));
#2049=CARTESIAN_POINT('Ctrl Pts',(1.93904962822064,18.3775800903139,-0.218478422223837));
#2050=CARTESIAN_POINT('Ctrl Pts',(1.07876402522224,18.3775800903139,0.860285602998404));
#2051=CARTESIAN_POINT('Ctrl Pts',(0.218478422223837,18.3775800903139,1.93904962822064));
#2052=CARTESIAN_POINT('Ctrl Pts',(-0.860285602998404,18.3775800903139,1.07876402522224));
#2053=CARTESIAN_POINT('Ctrl Pts',(-1.93904962822064,18.3775800903139,0.218478422223837));
#2054=CARTESIAN_POINT('Ctrl Pts',(-1.07876402522224,18.3775800903139,-0.860285602998404));
#2055=CARTESIAN_POINT('Ctrl Pts',(-0.218478422223837,18.3775800903139,-1.93904962822064));
#2056=CARTESIAN_POINT('Ctrl Pts',(0.860285602998404,18.3775800903139,-1.07876402522224));
#2057=CARTESIAN_POINT('Ctrl Pts',(0.290781767079582,19.469642463486,-0.36462880283327));
#2058=CARTESIAN_POINT('Ctrl Pts',(0.655410569912851,19.469642463486,-0.0738470357536882));
#2059=CARTESIAN_POINT('Ctrl Pts',(0.36462880283327,19.469642463486,0.290781767079582));
#2060=CARTESIAN_POINT('Ctrl Pts',(0.0738470357536882,19.469642463486,0.655410569912851));
#2061=CARTESIAN_POINT('Ctrl Pts',(-0.290781767079582,19.469642463486,0.36462880283327));
#2062=CARTESIAN_POINT('Ctrl Pts',(-0.655410569912851,19.469642463486,0.0738470357536882));
#2063=CARTESIAN_POINT('Ctrl Pts',(-0.36462880283327,19.469642463486,-0.290781767079582));
#2064=CARTESIAN_POINT('Ctrl Pts',(-0.0738470357536882,19.469642463486,-0.655410569912851));
#2065=CARTESIAN_POINT('Ctrl Pts',(0.290781767079582,19.469642463486,-0.36462880283327));
#2066=CARTESIAN_POINT('Ctrl Pts',(0.,20.,0.));
#2067=CARTESIAN_POINT('Ctrl Pts',(0.,20.,0.));
#2068=CARTESIAN_POINT('Ctrl Pts',(0.,20.,0.));
#2069=CARTESIAN_POINT('Ctrl Pts',(0.,20.,0.));
#2070=CARTESIAN_POINT('Ctrl Pts',(0.,20.,0.));
#2071=CARTESIAN_POINT('Ctrl Pts',(0.,20.,0.));
#2072=CARTESIAN_POINT('Ctrl Pts',(0.,20.,0.));
#2073=CARTESIAN_POINT('Ctrl Pts',(0.,20.,0.));
#2074=CARTESIAN_POINT('Ctrl Pts',(0.,20.,0.));
#2075=CARTESIAN_POINT('',(0.,20.,0.));
#2076=CARTESIAN_POINT('Ctrl Pts',(0.,20.,0.));
#2077=CARTESIAN_POINT('Ctrl Pts',(0.290781767079582,19.469642463486,-0.36462880283327));
#2078=CARTESIAN_POINT('Ctrl Pts',(0.860285602998404,18.3775800903139,-1.07876402522224));
#2079=CARTESIAN_POINT('Ctrl Pts',(1.67837747316549,16.6454841687655,-2.10461878297607));
#2080=CARTESIAN_POINT('Ctrl Pts',(2.691812668334,14.1349534015122,-3.37542632250885));
#2081=CARTESIAN_POINT('Ctrl Pts',(3.76661097271017,10.4977271642633,-4.72318076718369));
#2082=CARTESIAN_POINT('Ctrl Pts',(4.37606960517614,6.9371224805602,-5.48741771974217));
#2083=CARTESIAN_POINT('Ctrl Pts',(4.62158237990172,3.71669671827733,-5.79528100163756));
#2084=CARTESIAN_POINT('Ctrl Pts',(4.67617351394051,1.28619927878427,-5.86373611851023));
#2085=CARTESIAN_POINT('Ctrl Pts',(4.6761735139405,0.,-5.86373611851022));
#2086=CARTESIAN_POINT('Origin',(0.,0.,0.));
#2087=CARTESIAN_POINT('Origin',(0.,0.,0.));
#2088=CARTESIAN_POINT('Origin',(0.,0.,0.));
#2089=CARTESIAN_POINT('',(-0.8,0.,-9.79717439317883E-17));
#2090=CARTESIAN_POINT('Origin',(0.,0.,0.));
#2091=CARTESIAN_POINT('',(-0.8,4.,-9.79717439317883E-17));
#2092=CARTESIAN_POINT('',(-0.8,0.,9.79717439317883E-17));
#2093=CARTESIAN_POINT('Origin',(0.,4.,0.));
#2094=CARTESIAN_POINT('Origin',(0.,4.,0.));
#2095=CARTESIAN_POINT('Origin',(2.5,0.,0.));
#2096=CARTESIAN_POINT('',(1.45,0.,-1.28587913910472E-16));
#2097=CARTESIAN_POINT('Origin',(2.5,0.,0.));
#2098=CARTESIAN_POINT('',(1.45,4.,-1.28587913910472E-16));
#2099=CARTESIAN_POINT('',(1.45,0.,1.28587913910472E-16));
#2100=CARTESIAN_POINT('Origin',(2.5,4.,0.));
#2101=CARTESIAN_POINT('Origin',(2.5,4.,0.));
#2102=CARTESIAN_POINT('Origin',(-2.5,0.,0.));
#2103=CARTESIAN_POINT('',(-3.55,0.,-1.28587913910472E-16));
#2104=CARTESIAN_POINT('Origin',(-2.5,0.,0.));
#2105=CARTESIAN_POINT('',(-3.55,4.,-1.28587913910472E-16));
#2106=CARTESIAN_POINT('',(-3.55,0.,1.28587913910472E-16));
#2107=CARTESIAN_POINT('Origin',(-2.5,4.,0.));
#2108=CARTESIAN_POINT('Origin',(-2.5,4.,0.));
#2109=CARTESIAN_POINT('Ctrl Pts',(-1.78186465873832,0.,-14.8937892538447));
#2110=CARTESIAN_POINT('Ctrl Pts',(0.658419099349042,5.66666666666667,-13.8485023295211));
#2111=CARTESIAN_POINT('Ctrl Pts',(3.09870285743641,11.3333333333333,-12.8032154051976));
#2112=CARTESIAN_POINT('Ctrl Pts',(5.53898661552377,17.,-11.7579284808741));
#2113=CARTESIAN_POINT('Ctrl Pts',(-1.11790151972906,0.,-13.5955552843994));
#2114=CARTESIAN_POINT('Ctrl Pts',(1.1499104442594,5.66666666666668,-12.2706059763428));
#2115=CARTESIAN_POINT('Ctrl Pts',(3.41475582808363,11.3333333333333,-10.9463234130608));
#2116=CARTESIAN_POINT('Ctrl Pts',(5.68256779207209,17.,-9.62137410500418));
#2117=CARTESIAN_POINT('Ctrl Pts',(-0.291759979693584,0.,-11.1522495234956));
#2118=CARTESIAN_POINT('Ctrl Pts',(1.48363235536622,5.66666666666665,-9.37662840975244));
#2119=CARTESIAN_POINT('Ctrl Pts',(3.26010552462468,11.3333333333333,-7.60063444102421));
#2120=CARTESIAN_POINT('Ctrl Pts',(5.03549785968448,17.,-5.82501332728111));
#2121=CARTESIAN_POINT('Ctrl Pts',(-0.11366148761723,0.,-8.59107212875756));
#2122=CARTESIAN_POINT('Ctrl Pts',(0.905956470708826,5.66666666666668,-6.60819978949023));
#2123=CARTESIAN_POINT('Ctrl Pts',(1.92549109327631,11.3333333333333,-4.62587711641557));
#2124=CARTESIAN_POINT('Ctrl Pts',(2.94510905160237,17.,-2.64300477714824));
#2125=CARTESIAN_POINT('Ctrl Pts',(-0.15786076266854,0.,-7.49833848126435));
#2126=CARTESIAN_POINT('Ctrl Pts',(0.508616593250532,5.66666666666667,-5.49094418362895));
#2127=CARTESIAN_POINT('Ctrl Pts',(1.1750939491696,11.3333333333333,-3.48354988599355));
#2128=CARTESIAN_POINT('Ctrl Pts',(1.84157130508868,17.,-1.47615558835815));
#2129=CARTESIAN_POINT('',(-0.157860762668542,0.,-7.49833848126435));
#2130=CARTESIAN_POINT('',(1.8461990891349,17.,-1.48105129698556));
#2131=CARTESIAN_POINT('Ctrl Pts',(-0.157860762668541,-1.11022302462516E-15,
-7.49833848126435));
#2132=CARTESIAN_POINT('Ctrl Pts',(0.23221871266246,2.95392185940043,-7.50655073303601));
#2133=CARTESIAN_POINT('Ctrl Pts',(1.00285704153309,5.71777980949671,-7.21308575604918));
#2134=CARTESIAN_POINT('Ctrl Pts',(2.06409378790332,10.7761248936206,-5.52044561105788));
#2135=CARTESIAN_POINT('Ctrl Pts',(2.3190805370539,12.7102411259447,-4.45706464188511));
#2136=CARTESIAN_POINT('Ctrl Pts',(2.19136251478599,15.3574058238691,-2.71002459097967));
#2137=CARTESIAN_POINT('Ctrl Pts',(2.06831096220209,16.2095798688006,-2.09474099722713));
#2138=CARTESIAN_POINT('Ctrl Pts',(1.8461990891349,17.,-1.48105129698555));
#2139=CARTESIAN_POINT('',(-1.78186465873832,0.,-14.8937892538447));
#2140=CARTESIAN_POINT('Origin',(-15.0632107675902,0.,-8.10123532269951));
#2141=CARTESIAN_POINT('',(5.53898661552377,17.,-11.7579284808741));
#2142=CARTESIAN_POINT('',(-1.78186465873832,0.,-14.8937892538447));
#2143=CARTESIAN_POINT('Origin',(-8.06351812055662,17.,-10.8438100965875));
#2144=CARTESIAN_POINT('Origin',(3.57796311891253,17.,-6.7984915078985));
#2145=CARTESIAN_POINT('',(0.552811181341847,17.,-2.30138302305561));
#2146=CARTESIAN_POINT('Ctrl Pts',(1.8461990891349,17.,-1.48105129698556));
#2147=CARTESIAN_POINT('Ctrl Pts',(1.779889495507,17.,-1.56370927892441));
#2148=CARTESIAN_POINT('Ctrl Pts',(1.70797872109131,17.,-1.64197661812688));
#2149=CARTESIAN_POINT('Ctrl Pts',(1.42413205525524,17.,-1.91185998717264));
#2150=CARTESIAN_POINT('Ctrl Pts',(1.183520252926,17.,-2.06945416288239));
#2151=CARTESIAN_POINT('Ctrl Pts',(0.801298878989998,17.,-2.23084729884879));
#2152=CARTESIAN_POINT('Ctrl Pts',(0.678247917619633,17.,-2.27125208454138));
#2153=CARTESIAN_POINT('Ctrl Pts',(0.552811181341848,17.,-2.30138302305561));
#2154=CARTESIAN_POINT('',(3.97337205329704,17.,-12.369413547013));
#2155=CARTESIAN_POINT('',(3.97337205329704,17.,-12.369413547013));
#2156=CARTESIAN_POINT('Origin',(-8.06351812055662,17.,-10.8438100965875));
#2157=CARTESIAN_POINT('Ctrl Pts',(-1.66890702954101,0.,-7.31195945032036));
#2158=CARTESIAN_POINT('Ctrl Pts',(-0.928628035021075,5.66666666666667,-5.64147105479598));
#2159=CARTESIAN_POINT('Ctrl Pts',(-0.18834904050114,11.3333333333333,-3.97098265927159));
#2160=CARTESIAN_POINT('Ctrl Pts',(0.551929954018794,17.,-2.30049426374721));
#2161=CARTESIAN_POINT('Ctrl Pts',(-1.58373810503235,0.,-8.75730762810429));
#2162=CARTESIAN_POINT('Ctrl Pts',(-0.3786708117649,5.66666666666668,-7.10048209657917));
#2163=CARTESIAN_POINT('Ctrl Pts',(0.823255291300238,11.3333333333333,-5.44617778613404));
#2164=CARTESIAN_POINT('Ctrl Pts',(2.02832258456768,17.,-3.78935225460893));
#2165=CARTESIAN_POINT('Ctrl Pts',(-1.84792666549337,0.,-11.3105693358134));
#2166=CARTESIAN_POINT('Ctrl Pts',(0.0735207764836951,5.66666666666665,-9.89976399821827));
#2167=CARTESIAN_POINT('Ctrl Pts',(1.99623615411378,11.3333333333333,-8.48816551053397));
#2168=CARTESIAN_POINT('Ctrl Pts',(3.91768359609085,17.,-7.07736017293888));
#2169=CARTESIAN_POINT('Ctrl Pts',(-2.80992834318301,0.,-13.6749736756104));
#2170=CARTESIAN_POINT('Ctrl Pts',(-0.4827223515172,5.66666666666668,-12.7199044233575));
#2171=CARTESIAN_POINT('Ctrl Pts',(1.84389868694487,11.3333333333333,-11.7643880747658));
#2172=CARTESIAN_POINT('Ctrl Pts',(4.17110467861068,17.,-10.8093188225129));
#2173=CARTESIAN_POINT('Ctrl Pts',(-3.33781405908202,0.,-14.6239189006407));
#2174=CARTESIAN_POINT('Ctrl Pts',(-0.900752021622334,5.66666666666667,-13.8724171160982));
#2175=CARTESIAN_POINT('Ctrl Pts',(1.53631001583735,11.3333333333333,-13.1209153315556));
#2176=CARTESIAN_POINT('Ctrl Pts',(3.97337205329704,17.,-12.369413547013));
#2177=CARTESIAN_POINT('',(-1.66890700467236,2.11400496615605E-7,-7.31195934136367));
#2178=CARTESIAN_POINT('Ctrl Pts',(0.552811181341847,17.,-2.3013830230556));
#2179=CARTESIAN_POINT('Ctrl Pts',(0.77923116647509,16.0526293914444,-2.93391717220363));
#2180=CARTESIAN_POINT('Ctrl Pts',(0.910476271515734,14.9133074195309,-3.66108243136786));
#2181=CARTESIAN_POINT('Ctrl Pts',(0.843373265121739,12.2923460762784,-5.07983245180584));
#2182=CARTESIAN_POINT('Ctrl Pts',(0.65940864860825,10.9737992066874,-5.67709877069851));
#2183=CARTESIAN_POINT('Ctrl Pts',(-0.215323057900784,6.47344157098529,-7.18910696844358));
#2184=CARTESIAN_POINT('Ctrl Pts',(-1.15430307361332,3.43009303926779,-7.42941431477726));
#2185=CARTESIAN_POINT('Ctrl Pts',(-1.66890700467236,2.11400497940328E-7,
-7.31195934136368));
#2186=CARTESIAN_POINT('',(-3.33781405908202,0.,-14.6239189006407));
#2187=CARTESIAN_POINT('',(-3.33781405908202,0.,-14.6239189006407));
#2188=CARTESIAN_POINT('Origin',(-15.0632107675902,0.,-8.10123532269951));
#2189=CARTESIAN_POINT('Ctrl Pts',(-3.33781405908202,0.,-14.6239189006407));
#2190=CARTESIAN_POINT('Ctrl Pts',(-0.900752021622333,5.66666666666667,-13.8724171160982));
#2191=CARTESIAN_POINT('Ctrl Pts',(1.53631001583735,11.3333333333333,-13.1209153315556));
#2192=CARTESIAN_POINT('Ctrl Pts',(3.97337205329704,17.,-12.369413547013));
#2193=CARTESIAN_POINT('Ctrl Pts',(-2.81916425896745,0.,-14.713875685042));
#2194=CARTESIAN_POINT('Ctrl Pts',(-0.381028314631876,5.66666666666666,-13.8644455205725));
#2195=CARTESIAN_POINT('Ctrl Pts',(2.05710762970371,11.3333333333333,-13.0150153561029));
#2196=CARTESIAN_POINT('Ctrl Pts',(4.49524357403928,17.,-12.1655851916334));
#2197=CARTESIAN_POINT('Ctrl Pts',(-2.30051445885289,0.,-14.8038324694434));
#2198=CARTESIAN_POINT('Ctrl Pts',(0.138695392358584,5.66666666666667,-13.8564739250468));
#2199=CARTESIAN_POINT('Ctrl Pts',(2.57790524357005,11.3333333333333,-12.9091153806503));
#2200=CARTESIAN_POINT('Ctrl Pts',(5.01711509478153,17.,-11.9617568362537));
#2201=CARTESIAN_POINT('Ctrl Pts',(-1.78186465873832,0.,-14.8937892538447));
#2202=CARTESIAN_POINT('Ctrl Pts',(0.658419099349041,5.66666666666667,-13.8485023295211));
#2203=CARTESIAN_POINT('Ctrl Pts',(3.09870285743641,11.3333333333333,-12.8032154051976));
#2204=CARTESIAN_POINT('Ctrl Pts',(5.53898661552377,17.,-11.7579284808741));
#2205=CARTESIAN_POINT('',(-1.78186465873832,0.,-14.8937892538447));
#2206=CARTESIAN_POINT('Ctrl Pts',(-1.66890700467236,0.,-7.31195934136368));
#2207=CARTESIAN_POINT('Ctrl Pts',(5.64305233669132,0.,-8.98086634603603));
#2208=CARTESIAN_POINT('Ctrl Pts',(7.31195934136368,0.,-1.66890700467236));
#2209=CARTESIAN_POINT('Ctrl Pts',(8.98086634603603,0.,5.64305233669132));
#2210=CARTESIAN_POINT('Ctrl Pts',(1.66890700467236,0.,7.31195934136368));
#2211=CARTESIAN_POINT('Ctrl Pts',(-5.64305233669132,0.,8.98086634603603));
#2212=CARTESIAN_POINT('Ctrl Pts',(-7.31195934136368,0.,1.66890700467236));
#2213=CARTESIAN_POINT('Ctrl Pts',(-8.98086634603603,0.,-5.64305233669132));
#2214=CARTESIAN_POINT('Ctrl Pts',(-1.66890700467236,0.,-7.31195934136368));
#2215=CARTESIAN_POINT('Ctrl Pts',(-1.66890700467236,1.28619927878427,-7.31195934136369));
#2216=CARTESIAN_POINT('Ctrl Pts',(5.64305233669133,1.28619927878427,-8.98086634603605));
#2217=CARTESIAN_POINT('Ctrl Pts',(7.31195934136369,1.28619927878427,-1.66890700467236));
#2218=CARTESIAN_POINT('Ctrl Pts',(8.98086634603605,1.28619927878427,5.64305233669133));
#2219=CARTESIAN_POINT('Ctrl Pts',(1.66890700467236,1.28619927878427,7.31195934136369));
#2220=CARTESIAN_POINT('Ctrl Pts',(-5.64305233669133,1.28619927878427,8.98086634603605));
#2221=CARTESIAN_POINT('Ctrl Pts',(-7.31195934136369,1.28619927878427,1.66890700467236));
#2222=CARTESIAN_POINT('Ctrl Pts',(-8.98086634603605,1.28619927878427,-5.64305233669133));
#2223=CARTESIAN_POINT('Ctrl Pts',(-1.66890700467236,1.28619927878427,-7.31195934136369));
#2224=CARTESIAN_POINT('Ctrl Pts',(-1.64942365451037,3.71669671827733,-7.22659720685337));
#2225=CARTESIAN_POINT('Ctrl Pts',(5.577173552343,3.71669671827733,-8.87602086136374));
#2226=CARTESIAN_POINT('Ctrl Pts',(7.22659720685337,3.71669671827733,-1.64942365451037));
#2227=CARTESIAN_POINT('Ctrl Pts',(8.87602086136374,3.71669671827733,5.577173552343));
#2228=CARTESIAN_POINT('Ctrl Pts',(1.64942365451037,3.71669671827733,7.22659720685337));
#2229=CARTESIAN_POINT('Ctrl Pts',(-5.577173552343,3.71669671827733,8.87602086136374));
#2230=CARTESIAN_POINT('Ctrl Pts',(-7.22659720685337,3.71669671827733,1.64942365451037));
#2231=CARTESIAN_POINT('Ctrl Pts',(-8.87602086136374,3.71669671827733,-5.577173552343));
#2232=CARTESIAN_POINT('Ctrl Pts',(-1.64942365451037,3.71669671827733,-7.22659720685337));
#2233=CARTESIAN_POINT('Ctrl Pts',(-1.56180115969606,6.9371224805602,-6.8426979735963));
#2234=CARTESIAN_POINT('Ctrl Pts',(5.28089681390024,6.9371224805602,-8.40449913329235));
#2235=CARTESIAN_POINT('Ctrl Pts',(6.8426979735963,6.9371224805602,-1.56180115969606));
#2236=CARTESIAN_POINT('Ctrl Pts',(8.40449913329235,6.9371224805602,5.28089681390024));
#2237=CARTESIAN_POINT('Ctrl Pts',(1.56180115969606,6.9371224805602,6.8426979735963));
#2238=CARTESIAN_POINT('Ctrl Pts',(-5.28089681390024,6.9371224805602,8.40449913329235));
#2239=CARTESIAN_POINT('Ctrl Pts',(-6.8426979735963,6.9371224805602,1.56180115969606));
#2240=CARTESIAN_POINT('Ctrl Pts',(-8.40449913329235,6.9371224805602,-5.28089681390024));
#2241=CARTESIAN_POINT('Ctrl Pts',(-1.56180115969606,6.9371224805602,-6.8426979735963));
#2242=CARTESIAN_POINT('Ctrl Pts',(-1.34428789211772,10.4977271642633,-5.88971008134868));
#2243=CARTESIAN_POINT('Ctrl Pts',(4.54542218923097,10.4977271642633,-7.2339979734664));
#2244=CARTESIAN_POINT('Ctrl Pts',(5.88971008134868,10.4977271642633,-1.34428789211772));
#2245=CARTESIAN_POINT('Ctrl Pts',(7.2339979734664,10.4977271642633,4.54542218923097));
#2246=CARTESIAN_POINT('Ctrl Pts',(1.34428789211772,10.4977271642633,5.88971008134868));
#2247=CARTESIAN_POINT('Ctrl Pts',(-4.54542218923097,10.4977271642633,7.2339979734664));
#2248=CARTESIAN_POINT('Ctrl Pts',(-5.88971008134868,10.4977271642633,1.34428789211772));
#2249=CARTESIAN_POINT('Ctrl Pts',(-7.2339979734664,10.4977271642633,-4.54542218923097));
#2250=CARTESIAN_POINT('Ctrl Pts',(-1.34428789211772,10.4977271642633,-5.88971008134868));
#2251=CARTESIAN_POINT('Ctrl Pts',(-0.960696818468308,14.1349534015122,-4.20908777801959));
#2252=CARTESIAN_POINT('Ctrl Pts',(3.24839095955129,14.1349534015122,-5.1697845964879));
#2253=CARTESIAN_POINT('Ctrl Pts',(4.20908777801959,14.1349534015122,-0.960696818468308));
#2254=CARTESIAN_POINT('Ctrl Pts',(5.1697845964879,14.1349534015122,3.24839095955129));
#2255=CARTESIAN_POINT('Ctrl Pts',(0.960696818468308,14.1349534015122,4.20908777801959));
#2256=CARTESIAN_POINT('Ctrl Pts',(-3.24839095955129,14.1349534015122,5.1697845964879));
#2257=CARTESIAN_POINT('Ctrl Pts',(-4.20908777801959,14.1349534015122,0.960696818468308));
#2258=CARTESIAN_POINT('Ctrl Pts',(-5.1697845964879,14.1349534015122,-3.24839095955129));
#2259=CARTESIAN_POINT('Ctrl Pts',(-0.960696818468308,14.1349534015122,-4.20908777801959));
#2260=CARTESIAN_POINT('Ctrl Pts',(-0.599005984936131,16.6454841687655,-2.62441669597184));
#2261=CARTESIAN_POINT('Ctrl Pts',(2.02541071103571,16.6454841687655,-3.22342268090797));
#2262=CARTESIAN_POINT('Ctrl Pts',(2.62441669597184,16.6454841687655,-0.599005984936131));
#2263=CARTESIAN_POINT('Ctrl Pts',(3.22342268090797,16.6454841687655,2.02541071103571));
#2264=CARTESIAN_POINT('Ctrl Pts',(0.599005984936131,16.6454841687655,2.62441669597184));
#2265=CARTESIAN_POINT('Ctrl Pts',(-2.02541071103571,16.6454841687655,3.22342268090797));
#2266=CARTESIAN_POINT('Ctrl Pts',(-2.62441669597184,16.6454841687655,0.599005984936131));
#2267=CARTESIAN_POINT('Ctrl Pts',(-3.22342268090797,16.6454841687655,-2.02541071103571));
#2268=CARTESIAN_POINT('Ctrl Pts',(-0.599005984936131,16.6454841687655,-2.62441669597184));
#2269=CARTESIAN_POINT('Ctrl Pts',(-0.307032376917288,18.3775800903139,-1.34519673667629));
#2270=CARTESIAN_POINT('Ctrl Pts',(1.038164359759,18.3775800903139,-1.65222911359358));
#2271=CARTESIAN_POINT('Ctrl Pts',(1.34519673667629,18.3775800903139,-0.307032376917288));
#2272=CARTESIAN_POINT('Ctrl Pts',(1.65222911359358,18.3775800903139,1.038164359759));
#2273=CARTESIAN_POINT('Ctrl Pts',(0.307032376917288,18.3775800903139,1.34519673667629));
#2274=CARTESIAN_POINT('Ctrl Pts',(-1.038164359759,18.3775800903139,1.65222911359358));
#2275=CARTESIAN_POINT('Ctrl Pts',(-1.34519673667629,18.3775800903139,0.307032376917288));
#2276=CARTESIAN_POINT('Ctrl Pts',(-1.65222911359358,18.3775800903139,-1.038164359759));
#2277=CARTESIAN_POINT('Ctrl Pts',(-0.307032376917288,18.3775800903139,-1.34519673667629));
#2278=CARTESIAN_POINT('Ctrl Pts',(-0.103778811129098,19.469642463486,-0.454684680061005));
#2279=CARTESIAN_POINT('Ctrl Pts',(0.350905868931908,19.469642463486,-0.558463491190103));
#2280=CARTESIAN_POINT('Ctrl Pts',(0.454684680061005,19.469642463486,-0.103778811129098));
#2281=CARTESIAN_POINT('Ctrl Pts',(0.558463491190103,19.469642463486,0.350905868931908));
#2282=CARTESIAN_POINT('Ctrl Pts',(0.103778811129098,19.469642463486,0.454684680061005));
#2283=CARTESIAN_POINT('Ctrl Pts',(-0.350905868931908,19.469642463486,0.558463491190103));
#2284=CARTESIAN_POINT('Ctrl Pts',(-0.454684680061005,19.469642463486,0.103778811129098));
#2285=CARTESIAN_POINT('Ctrl Pts',(-0.558463491190103,19.469642463486,-0.350905868931908));
#2286=CARTESIAN_POINT('Ctrl Pts',(-0.103778811129098,19.469642463486,-0.454684680061005));
#2287=CARTESIAN_POINT('Ctrl Pts',(0.,20.,0.));
#2288=CARTESIAN_POINT('Ctrl Pts',(0.,20.,0.));
#2289=CARTESIAN_POINT('Ctrl Pts',(0.,20.,0.));
#2290=CARTESIAN_POINT('Ctrl Pts',(0.,20.,0.));
#2291=CARTESIAN_POINT('Ctrl Pts',(0.,20.,0.));
#2292=CARTESIAN_POINT('Ctrl Pts',(0.,20.,0.));
#2293=CARTESIAN_POINT('Ctrl Pts',(0.,20.,0.));
#2294=CARTESIAN_POINT('Ctrl Pts',(0.,20.,0.));
#2295=CARTESIAN_POINT('Ctrl Pts',(0.,20.,0.));
#2296=CARTESIAN_POINT('',(0.,20.,0.));
#2297=CARTESIAN_POINT('Ctrl Pts',(0.,20.,0.));
#2298=CARTESIAN_POINT('Ctrl Pts',(-0.103778811129098,19.469642463486,-0.454684680061005));
#2299=CARTESIAN_POINT('Ctrl Pts',(-0.307032376917288,18.3775800903139,-1.34519673667629));
#2300=CARTESIAN_POINT('Ctrl Pts',(-0.599005984936131,16.6454841687655,-2.62441669597184));
#2301=CARTESIAN_POINT('Ctrl Pts',(-0.960696818468308,14.1349534015122,-4.20908777801959));
#2302=CARTESIAN_POINT('Ctrl Pts',(-1.34428789211772,10.4977271642633,-5.88971008134868));
#2303=CARTESIAN_POINT('Ctrl Pts',(-1.56180115969606,6.9371224805602,-6.8426979735963));
#2304=CARTESIAN_POINT('Ctrl Pts',(-1.64942365451037,3.71669671827733,-7.22659720685337));
#2305=CARTESIAN_POINT('Ctrl Pts',(-1.66890700467236,1.28619927878427,-7.31195934136369));
#2306=CARTESIAN_POINT('Ctrl Pts',(-1.66890700467236,0.,-7.31195934136368));
#2307=CARTESIAN_POINT('Origin',(0.,0.,0.));
#2308=CARTESIAN_POINT('Origin',(0.,0.,0.));
#2309=CARTESIAN_POINT('Origin',(0.,0.,0.));
#2310=CARTESIAN_POINT('',(-0.8,0.,-9.79717439317883E-17));
#2311=CARTESIAN_POINT('Origin',(0.,0.,0.));
#2312=CARTESIAN_POINT('',(-0.8,4.,-9.79717439317883E-17));
#2313=CARTESIAN_POINT('',(-0.8,0.,9.79717439317883E-17));
#2314=CARTESIAN_POINT('Origin',(0.,4.,0.));
#2315=CARTESIAN_POINT('Origin',(0.,4.,0.));
#2316=CARTESIAN_POINT('Origin',(2.5,0.,0.));
#2317=CARTESIAN_POINT('',(1.45,0.,-1.28587913910472E-16));
#2318=CARTESIAN_POINT('Origin',(2.5,0.,0.));
#2319=CARTESIAN_POINT('',(1.45,4.,-1.28587913910472E-16));
#2320=CARTESIAN_POINT('',(1.45,0.,1.28587913910472E-16));
#2321=CARTESIAN_POINT('Origin',(2.5,4.,0.));
#2322=CARTESIAN_POINT('Origin',(2.5,4.,0.));
#2323=CARTESIAN_POINT('Origin',(-2.5,0.,0.));
#2324=CARTESIAN_POINT('',(-3.55,0.,-1.28587913910472E-16));
#2325=CARTESIAN_POINT('Origin',(-2.5,0.,0.));
#2326=CARTESIAN_POINT('',(-3.55,4.,-1.28587913910472E-16));
#2327=CARTESIAN_POINT('',(-3.55,0.,1.28587913910472E-16));
#2328=CARTESIAN_POINT('Origin',(-2.5,4.,0.));
#2329=CARTESIAN_POINT('Origin',(-2.5,4.,0.));
#2330=CARTESIAN_POINT('Ctrl Pts',(-12.7554077749156,0.,-7.89300782310658));
#2331=CARTESIAN_POINT('Ctrl Pts',(-10.4166775124583,5.66666666666667,-9.14917275400267));
#2332=CARTESIAN_POINT('Ctrl Pts',(-8.07794725000104,11.3333333333333,-10.4053376848988));
#2333=CARTESIAN_POINT('Ctrl Pts',(-5.73921698754375,17.,-11.6615026157949));
#2334=CARTESIAN_POINT('Ctrl Pts',(-11.3264333400115,0.,-7.60267946800661));
#2335=CARTESIAN_POINT('Ctrl Pts',(-8.8765886262186,5.66666666666668,-8.54963387621738));
#2336=CARTESIAN_POINT('Ctrl Pts',(-6.42911482695997,11.3333333333333,-9.49468462722784));
#2337=CARTESIAN_POINT('Ctrl Pts',(-3.97927011316708,17.,-10.4416390354386));
#2338=CARTESIAN_POINT('Ctrl Pts',(-8.90108927088565,0.,-6.72520647841019));
#2339=CARTESIAN_POINT('Ctrl Pts',(-6.40591376801839,5.66666666666665,-7.00618244330849));
#2340=CARTESIAN_POINT('Ctrl Pts',(-3.9097741064001,11.3333333333333,-7.28777044118596));
#2341=CARTESIAN_POINT('Ctrl Pts',(-1.41459860353284,17.,-7.56874640608427));
#2342=CARTESIAN_POINT('Ctrl Pts',(-6.78763743680973,0.,-5.26758172994984));
#2343=CARTESIAN_POINT('Ctrl Pts',(-4.60164401744718,5.66666666666668,-4.82845046793797));
#2344=CARTESIAN_POINT('Ctrl Pts',(-2.41613230341451,11.3333333333333,-4.389596762672));
#2345=CARTESIAN_POINT('Ctrl Pts',(-0.230138884051966,17.,-3.95046550066014));
#2346=CARTESIAN_POINT('Ctrl Pts',(-5.96086166649146,0.,-4.55171705985255));
#2347=CARTESIAN_POINT('Ctrl Pts',(-3.97587577228799,5.66666666666667,-3.82120016617708));
#2348=CARTESIAN_POINT('Ctrl Pts',(-1.99088987808452,11.3333333333333,-3.09068327250161));
#2349=CARTESIAN_POINT('Ctrl Pts',(-0.0059039838810504,17.,-2.36016637882615));
#2350=CARTESIAN_POINT('',(-5.96086166649146,0.,-4.55171705985254));
#2351=CARTESIAN_POINT('',(-0.00684622685692332,17.,-2.36683695048961));
#2352=CARTESIAN_POINT('Ctrl Pts',(-5.96086166649146,-2.77555756156289E-16,
-4.55171705985255));
#2353=CARTESIAN_POINT('Ctrl Pts',(-5.72407168868521,2.95392185940043,-4.86181372956086));
#2354=CARTESIAN_POINT('Ctrl Pts',(-5.01414639170286,5.71777980949671,-5.28135061631447));
#2355=CARTESIAN_POINT('Ctrl Pts',(-3.02911674913982,10.7761248936206,-5.05571504635989));
#2356=CARTESIAN_POINT('Ctrl Pts',(-2.03875039187869,12.7102411259447,-4.59206452468812));
#2357=CARTESIAN_POINT('Ctrl Pts',(-0.752490363345885,15.3574058238691,-3.40294889882221));
#2358=CARTESIAN_POINT('Ctrl Pts',(-0.348163667243021,16.2095798688006,-2.92312027508984));
#2359=CARTESIAN_POINT('Ctrl Pts',(-0.00684622685692332,17.,-2.36683695048961));
#2360=CARTESIAN_POINT('',(-12.7554077749156,0.,-7.89300782310658));
#2361=CARTESIAN_POINT('Origin',(-15.7255591190097,0.,6.72585479899258));
#2362=CARTESIAN_POINT('',(-5.73921698754375,17.,-11.6615026157949));
#2363=CARTESIAN_POINT('',(-12.7554077749156,0.,-7.89300782310658));
#2364=CARTESIAN_POINT('Origin',(-13.505553438687,17.,-0.456692682412478));
#2365=CARTESIAN_POINT('Origin',(-3.08445117809797,17.,-7.03615433267324));
#2366=CARTESIAN_POINT('',(-1.4546215667222,17.,-1.86709403047939));
#2367=CARTESIAN_POINT('Ctrl Pts',(-0.00684622685692336,17.,-2.36683695048961));
#2368=CARTESIAN_POINT('Ctrl Pts',(-0.112814194806385,17.,-2.36653043138275));
#2369=CARTESIAN_POINT('Ctrl Pts',(-0.218841699135827,17.,-2.35910721182727));
#2370=CARTESIAN_POINT('Ctrl Pts',(-0.606820515090736,17.,-2.30545648057436));
#2371=CARTESIAN_POINT('Ctrl Pts',(-0.880051608073345,17.,-2.21559695984735));
#2372=CARTESIAN_POINT('Ctrl Pts',(-1.24454497152765,17.,-2.01739123079704));
#2373=CARTESIAN_POINT('Ctrl Pts',(-1.35285572454782,17.,-1.94637808707535));
#2374=CARTESIAN_POINT('Ctrl Pts',(-1.4546215667222,17.,-1.8670940304794));
#2375=CARTESIAN_POINT('',(-7.19343997650012,17.,-10.8187105643621));
#2376=CARTESIAN_POINT('',(-7.19343997650012,17.,-10.8187105643621));
#2377=CARTESIAN_POINT('Origin',(-13.505553438687,17.,-0.456692682412478));
#2378=CARTESIAN_POINT('Ctrl Pts',(-6.75726660995926,0.,-3.25412809187197));
#2379=CARTESIAN_POINT('Ctrl Pts',(-4.98966978762737,5.66666666666667,-2.79136903686462));
#2380=CARTESIAN_POINT('Ctrl Pts',(-3.22207296529549,11.3333333333333,-2.32860998185727));
#2381=CARTESIAN_POINT('Ctrl Pts',(-1.4544761429636,17.,-1.86585092684992));
#2382=CARTESIAN_POINT('Ctrl Pts',(-7.83418336261211,0.,-4.22187568736417));
#2383=CARTESIAN_POINT('Ctrl Pts',(-5.78747783320318,5.66666666666668,-4.13102141336811));
#2384=CARTESIAN_POINT('Ctrl Pts',(-3.74470197386569,11.3333333333333,-4.03928321361107));
#2385=CARTESIAN_POINT('Ctrl Pts',(-1.69799644445677,17.,-3.948428939615));
#2386=CARTESIAN_POINT('Ctrl Pts',(-9.99512424746724,0.,-5.60725372755415));
#2387=CARTESIAN_POINT('Ctrl Pts',(-7.69410933402121,5.66666666666665,-6.22987908920108));
#2388=CARTESIAN_POINT('Ctrl Pts',(-5.39170114922093,11.3333333333333,-6.85299132378325));
#2389=CARTESIAN_POINT('Ctrl Pts',(-3.0906862357749,17.,-7.47561668543018));
#2390=CARTESIAN_POINT('Ctrl Pts',(-12.4434866074422,0.,-6.32931618525005));
#2391=CARTESIAN_POINT('Ctrl Pts',(-10.2457941954655,5.66666666666668,-7.55332315687408));
#2392=CARTESIAN_POINT('Ctrl Pts',(-8.04811694185248,11.3333333333333,-8.77659403365992));
#2393=CARTESIAN_POINT('Ctrl Pts',(-5.85042452987579,17.,-10.0006010052839));
#2394=CARTESIAN_POINT('Ctrl Pts',(-13.5145332199185,0.,-6.50825618374395));
#2395=CARTESIAN_POINT('Ctrl Pts',(-11.4075021387791,5.66666666666667,-7.94507431061668));
#2396=CARTESIAN_POINT('Ctrl Pts',(-9.30047105763959,11.3333333333333,-9.38189243748942));
#2397=CARTESIAN_POINT('Ctrl Pts',(-7.19343997650012,17.,-10.8187105643622));
#2398=CARTESIAN_POINT('',(-6.75726650926814,2.11400492332643E-7,-3.25412804338169));
#2399=CARTESIAN_POINT('Ctrl Pts',(-1.4546215667222,17.,-1.86709403047939));
#2400=CARTESIAN_POINT('Ctrl Pts',(-1.80798612659467,16.0526293914444,-2.43849489443769));
#2401=CARTESIAN_POINT('Ctrl Pts',(-2.29467683462957,14.9133074195309,-2.99448657283315));
#2402=CARTESIAN_POINT('Ctrl Pts',(-3.44573830652086,12.2923460762784,-3.82659949899602));
#2403=CARTESIAN_POINT('Ctrl Pts',(-4.02739998034796,10.9737992066874,-4.05515962896891));
#2404=CARTESIAN_POINT('Ctrl Pts',(-5.75492188946566,6.47344157098529,-4.31398853372801));
#2405=CARTESIAN_POINT('Ctrl Pts',(-6.52824620224361,3.43009303926779,-3.7296935757864));
#2406=CARTESIAN_POINT('Ctrl Pts',(-6.75726650926814,2.11400492944325E-7,
-3.25412804338169));
#2407=CARTESIAN_POINT('',(-13.5145332199185,0.,-6.50825618374395));
#2408=CARTESIAN_POINT('',(-13.5145332199185,0.,-6.50825618374395));
#2409=CARTESIAN_POINT('Origin',(-15.7255591190097,0.,6.72585479899258));
#2410=CARTESIAN_POINT('Ctrl Pts',(-13.5145332199185,0.,-6.50825618374395));
#2411=CARTESIAN_POINT('Ctrl Pts',(-11.4075021387791,5.66666666666667,-7.94507431061668));
#2412=CARTESIAN_POINT('Ctrl Pts',(-9.30047105763959,11.3333333333333,-9.38189243748941));
#2413=CARTESIAN_POINT('Ctrl Pts',(-7.19343997650012,17.,-10.8187105643621));
#2414=CARTESIAN_POINT('Ctrl Pts',(-13.2614914049176,0.,-6.96984006353149));
#2415=CARTESIAN_POINT('Ctrl Pts',(-11.0772272633388,5.66666666666666,-8.34644045841201));
#2416=CARTESIAN_POINT('Ctrl Pts',(-8.89296312176007,11.3333333333333,-9.72304085329253));
#2417=CARTESIAN_POINT('Ctrl Pts',(-6.70869898018133,17.,-11.0996412481731));
#2418=CARTESIAN_POINT('Ctrl Pts',(-13.0084495899166,0.,-7.43142394331904));
#2419=CARTESIAN_POINT('Ctrl Pts',(-10.7469523878986,5.66666666666667,-8.74780660620734));
#2420=CARTESIAN_POINT('Ctrl Pts',(-8.48545518588056,11.3333333333333,-10.0641892690956));
#2421=CARTESIAN_POINT('Ctrl Pts',(-6.22395798386254,17.,-11.380571931984));
#2422=CARTESIAN_POINT('Ctrl Pts',(-12.7554077749156,0.,-7.89300782310658));
#2423=CARTESIAN_POINT('Ctrl Pts',(-10.4166775124583,5.66666666666667,-9.14917275400267));
#2424=CARTESIAN_POINT('Ctrl Pts',(-8.07794725000104,11.3333333333333,-10.4053376848988));
#2425=CARTESIAN_POINT('Ctrl Pts',(-5.73921698754375,17.,-11.6615026157949));
#2426=CARTESIAN_POINT('',(-12.7554077749156,0.,-7.89300782310658));
#2427=CARTESIAN_POINT('Ctrl Pts',(-6.75726650926814,0.,-3.25412804338169));
#2428=CARTESIAN_POINT('Ctrl Pts',(-3.50313846588646,0.,-10.0113945526498));
#2429=CARTESIAN_POINT('Ctrl Pts',(3.25412804338169,0.,-6.75726650926814));
#2430=CARTESIAN_POINT('Ctrl Pts',(10.0113945526498,0.,-3.50313846588646));
#2431=CARTESIAN_POINT('Ctrl Pts',(6.75726650926814,0.,3.25412804338169));
#2432=CARTESIAN_POINT('Ctrl Pts',(3.50313846588646,0.,10.0113945526498));
#2433=CARTESIAN_POINT('Ctrl Pts',(-3.25412804338169,0.,6.75726650926814));
#2434=CARTESIAN_POINT('Ctrl Pts',(-10.0113945526498,0.,3.50313846588646));
#2435=CARTESIAN_POINT('Ctrl Pts',(-6.75726650926814,0.,-3.25412804338169));
#2436=CARTESIAN_POINT('Ctrl Pts',(-6.75726650926816,1.28619927878427,-3.25412804338169));
#2437=CARTESIAN_POINT('Ctrl Pts',(-3.50313846588646,1.28619927878427,-10.0113945526498));
#2438=CARTESIAN_POINT('Ctrl Pts',(3.25412804338169,1.28619927878427,-6.75726650926816));
#2439=CARTESIAN_POINT('Ctrl Pts',(10.0113945526498,1.28619927878427,-3.50313846588646));
#2440=CARTESIAN_POINT('Ctrl Pts',(6.75726650926816,1.28619927878427,3.25412804338169));
#2441=CARTESIAN_POINT('Ctrl Pts',(3.50313846588646,1.28619927878427,10.0113945526498));
#2442=CARTESIAN_POINT('Ctrl Pts',(-3.25412804338169,1.28619927878427,6.75726650926816));
#2443=CARTESIAN_POINT('Ctrl Pts',(-10.0113945526498,1.28619927878427,3.50313846588646));
#2444=CARTESIAN_POINT('Ctrl Pts',(-6.75726650926816,1.28619927878427,-3.25412804338169));
#2445=CARTESIAN_POINT('Ctrl Pts',(-6.67838003496527,3.71669671827733,-3.21613831959021));
#2446=CARTESIAN_POINT('Ctrl Pts',(-3.46224171537506,3.71669671827733,-9.89451835455548));
#2447=CARTESIAN_POINT('Ctrl Pts',(3.21613831959021,3.71669671827733,-6.67838003496527));
#2448=CARTESIAN_POINT('Ctrl Pts',(9.89451835455548,3.71669671827733,-3.46224171537506));
#2449=CARTESIAN_POINT('Ctrl Pts',(6.67838003496527,3.71669671827733,3.21613831959021));
#2450=CARTESIAN_POINT('Ctrl Pts',(3.46224171537506,3.71669671827733,9.89451835455548));
#2451=CARTESIAN_POINT('Ctrl Pts',(-3.21613831959021,3.71669671827733,6.67838003496527));
#2452=CARTESIAN_POINT('Ctrl Pts',(-9.89451835455548,3.71669671827733,3.46224171537506));
#2453=CARTESIAN_POINT('Ctrl Pts',(-6.67838003496527,3.71669671827733,-3.21613831959021));
#2454=CARTESIAN_POINT('Ctrl Pts',(-6.32360379637941,6.9371224805602,-3.04528708773126));
#2455=CARTESIAN_POINT('Ctrl Pts',(-3.27831670864815,6.9371224805602,-9.36889088411067));
#2456=CARTESIAN_POINT('Ctrl Pts',(3.04528708773126,6.9371224805602,-6.32360379637941));
#2457=CARTESIAN_POINT('Ctrl Pts',(9.36889088411067,6.9371224805602,-3.27831670864815));
#2458=CARTESIAN_POINT('Ctrl Pts',(6.32360379637941,6.9371224805602,3.04528708773126));
#2459=CARTESIAN_POINT('Ctrl Pts',(3.27831670864815,6.9371224805602,9.36889088411067));
#2460=CARTESIAN_POINT('Ctrl Pts',(-3.04528708773126,6.9371224805602,6.32360379637941));
#2461=CARTESIAN_POINT('Ctrl Pts',(-9.36889088411067,6.9371224805602,3.27831670864815));
#2462=CARTESIAN_POINT('Ctrl Pts',(-6.32360379637941,6.9371224805602,-3.04528708773126));
#2463=CARTESIAN_POINT('Ctrl Pts',(-5.44291055570531,10.4977271642633,-2.62116757606726));
#2464=CARTESIAN_POINT('Ctrl Pts',(-2.82174297963805,10.4977271642633,-8.06407813177257));
#2465=CARTESIAN_POINT('Ctrl Pts',(2.62116757606726,10.4977271642633,-5.44291055570531));
#2466=CARTESIAN_POINT('Ctrl Pts',(8.06407813177257,10.4977271642633,-2.82174297963805));
#2467=CARTESIAN_POINT('Ctrl Pts',(5.44291055570531,10.4977271642633,2.62116757606726));
#2468=CARTESIAN_POINT('Ctrl Pts',(2.82174297963805,10.4977271642633,8.06407813177257));
#2469=CARTESIAN_POINT('Ctrl Pts',(-2.62116757606726,10.4977271642633,5.44291055570531));
#2470=CARTESIAN_POINT('Ctrl Pts',(-8.06407813177257,10.4977271642633,2.82174297963805));
#2471=CARTESIAN_POINT('Ctrl Pts',(-5.44291055570531,10.4977271642633,-2.62116757606726));
#2472=CARTESIAN_POINT('Ctrl Pts',(-3.88978200632025,14.1349534015122,-1.87322028693806));
#2473=CARTESIAN_POINT('Ctrl Pts',(-2.01656171938219,14.1349534015122,-5.7630022932583));
#2474=CARTESIAN_POINT('Ctrl Pts',(1.87322028693806,14.1349534015122,-3.88978200632025));
#2475=CARTESIAN_POINT('Ctrl Pts',(5.7630022932583,14.1349534015122,-2.01656171938219));
#2476=CARTESIAN_POINT('Ctrl Pts',(3.88978200632025,14.1349534015122,1.87322028693806));
#2477=CARTESIAN_POINT('Ctrl Pts',(2.01656171938219,14.1349534015122,5.7630022932583));
#2478=CARTESIAN_POINT('Ctrl Pts',(-1.87322028693806,14.1349534015122,3.88978200632025));
#2479=CARTESIAN_POINT('Ctrl Pts',(-5.7630022932583,14.1349534015122,2.01656171938219));
#2480=CARTESIAN_POINT('Ctrl Pts',(-3.88978200632025,14.1349534015122,-1.87322028693806));
#2481=CARTESIAN_POINT('Ctrl Pts',(-2.42532571888554,16.6454841687655,-1.1679753085564));
#2482=CARTESIAN_POINT('Ctrl Pts',(-1.25735041032914,16.6454841687655,-3.59330102744194));
#2483=CARTESIAN_POINT('Ctrl Pts',(1.1679753085564,16.6454841687655,-2.42532571888554));
#2484=CARTESIAN_POINT('Ctrl Pts',(3.59330102744194,16.6454841687655,-1.25735041032914));
#2485=CARTESIAN_POINT('Ctrl Pts',(2.42532571888554,16.6454841687655,1.1679753085564));
#2486=CARTESIAN_POINT('Ctrl Pts',(1.25735041032914,16.6454841687655,3.59330102744194));
#2487=CARTESIAN_POINT('Ctrl Pts',(-1.1679753085564,16.6454841687655,2.42532571888554));
#2488=CARTESIAN_POINT('Ctrl Pts',(-3.59330102744194,16.6454841687655,1.25735041032914));
#2489=CARTESIAN_POINT('Ctrl Pts',(-2.42532571888554,16.6454841687655,-1.1679753085564));
#2490=CARTESIAN_POINT('Ctrl Pts',(-1.24314871469516,18.3775800903139,-0.598668868400389));
#2491=CARTESIAN_POINT('Ctrl Pts',(-0.644479846294767,18.3775800903139,-1.84181758309554));
#2492=CARTESIAN_POINT('Ctrl Pts',(0.598668868400389,18.3775800903139,-1.24314871469516));
#2493=CARTESIAN_POINT('Ctrl Pts',(1.84181758309554,18.3775800903139,-0.644479846294767));
#2494=CARTESIAN_POINT('Ctrl Pts',(1.24314871469516,18.3775800903139,0.598668868400389));
#2495=CARTESIAN_POINT('Ctrl Pts',(0.644479846294767,18.3775800903139,1.84181758309554));
#2496=CARTESIAN_POINT('Ctrl Pts',(-0.598668868400389,18.3775800903139,1.24314871469516));
#2497=CARTESIAN_POINT('Ctrl Pts',(-1.84181758309554,18.3775800903139,0.644479846294767));
#2498=CARTESIAN_POINT('Ctrl Pts',(-1.24314871469516,18.3775800903139,-0.598668868400389));
#2499=CARTESIAN_POINT('Ctrl Pts',(-0.420191827855614,19.469642463486,-0.202353719325606));
#2500=CARTESIAN_POINT('Ctrl Pts',(-0.217838108530008,19.469642463486,-0.622545547181219));
#2501=CARTESIAN_POINT('Ctrl Pts',(0.202353719325606,19.469642463486,-0.420191827855614));
#2502=CARTESIAN_POINT('Ctrl Pts',(0.622545547181219,19.469642463486,-0.217838108530008));
#2503=CARTESIAN_POINT('Ctrl Pts',(0.420191827855614,19.469642463486,0.202353719325606));
#2504=CARTESIAN_POINT('Ctrl Pts',(0.217838108530008,19.469642463486,0.622545547181219));
#2505=CARTESIAN_POINT('Ctrl Pts',(-0.202353719325606,19.469642463486,0.420191827855614));
#2506=CARTESIAN_POINT('Ctrl Pts',(-0.622545547181219,19.469642463486,0.217838108530008));
#2507=CARTESIAN_POINT('Ctrl Pts',(-0.420191827855614,19.469642463486,-0.202353719325606));
#2508=CARTESIAN_POINT('Ctrl Pts',(0.,20.,0.));
#2509=CARTESIAN_POINT('Ctrl Pts',(0.,20.,0.));
#2510=CARTESIAN_POINT('Ctrl Pts',(0.,20.,0.));
#2511=CARTESIAN_POINT('Ctrl Pts',(0.,20.,0.));
#2512=CARTESIAN_POINT('Ctrl Pts',(0.,20.,0.));
#2513=CARTESIAN_POINT('Ctrl Pts',(0.,20.,0.));
#2514=CARTESIAN_POINT('Ctrl Pts',(0.,20.,0.));
#2515=CARTESIAN_POINT('Ctrl Pts',(0.,20.,0.));
#2516=CARTESIAN_POINT('Ctrl Pts',(0.,20.,0.));
#2517=CARTESIAN_POINT('',(0.,20.,0.));
#2518=CARTESIAN_POINT('Ctrl Pts',(0.,20.,0.));
#2519=CARTESIAN_POINT('Ctrl Pts',(-0.420191827855614,19.469642463486,-0.202353719325606));
#2520=CARTESIAN_POINT('Ctrl Pts',(-1.24314871469516,18.3775800903139,-0.598668868400389));
#2521=CARTESIAN_POINT('Ctrl Pts',(-2.42532571888554,16.6454841687655,-1.1679753085564));
#2522=CARTESIAN_POINT('Ctrl Pts',(-3.88978200632025,14.1349534015122,-1.87322028693806));
#2523=CARTESIAN_POINT('Ctrl Pts',(-5.44291055570531,10.4977271642633,-2.62116757606726));
#2524=CARTESIAN_POINT('Ctrl Pts',(-6.32360379637941,6.9371224805602,-3.04528708773126));
#2525=CARTESIAN_POINT('Ctrl Pts',(-6.67838003496527,3.71669671827733,-3.21613831959021));
#2526=CARTESIAN_POINT('Ctrl Pts',(-6.75726650926816,1.28619927878427,-3.25412804338169));
#2527=CARTESIAN_POINT('Ctrl Pts',(-6.75726650926814,0.,-3.25412804338169));
#2528=CARTESIAN_POINT('Origin',(0.,0.,0.));
#2529=CARTESIAN_POINT('Origin',(0.,0.,0.));
#2530=CARTESIAN_POINT('Origin',(0.,0.,0.));
#2531=CARTESIAN_POINT('',(-0.8,0.,-9.79717439317883E-17));
#2532=CARTESIAN_POINT('Origin',(0.,0.,0.));
#2533=CARTESIAN_POINT('',(-0.8,4.,-9.79717439317883E-17));
#2534=CARTESIAN_POINT('',(-0.8,0.,9.79717439317883E-17));
#2535=CARTESIAN_POINT('Origin',(0.,4.,0.));
#2536=CARTESIAN_POINT('Origin',(0.,4.,0.));
#2537=CARTESIAN_POINT('Origin',(2.5,0.,0.));
#2538=CARTESIAN_POINT('',(1.45,0.,-1.28587913910472E-16));
#2539=CARTESIAN_POINT('Origin',(2.5,0.,0.));
#2540=CARTESIAN_POINT('',(1.45,4.,-1.28587913910472E-16));
#2541=CARTESIAN_POINT('',(1.45,0.,1.28587913910472E-16));
#2542=CARTESIAN_POINT('Origin',(2.5,4.,0.));
#2543=CARTESIAN_POINT('Origin',(2.5,4.,0.));
#2544=CARTESIAN_POINT('Origin',(-2.5,0.,0.));
#2545=CARTESIAN_POINT('',(-3.55,0.,-1.28587913910472E-16));
#2546=CARTESIAN_POINT('Origin',(-2.5,0.,0.));
#2547=CARTESIAN_POINT('',(-3.55,4.,-1.28587913910472E-16));
#2548=CARTESIAN_POINT('',(-3.55,0.,1.28587913910472E-16));
#2549=CARTESIAN_POINT('Origin',(-2.5,4.,0.));
#2550=CARTESIAN_POINT('Origin',(-2.5,4.,0.));
#2551=CARTESIAN_POINT('Ctrl Pts',(-14.1238686736807,0.,5.05136948644837));
#2552=CARTESIAN_POINT('Ctrl Pts',(-13.647803495887,5.66666666666667,2.43967051439224));
#2553=CARTESIAN_POINT('Ctrl Pts',(-13.1717383180933,11.3333333333333,-0.172028457663884));
#2554=CARTESIAN_POINT('Ctrl Pts',(-12.6956731402996,17.,-2.78372742972001));
#2555=CARTESIAN_POINT('Ctrl Pts',(-13.0059298381308,0.,4.1151690541936));
#2556=CARTESIAN_POINT('Ctrl Pts',(-12.2188354117444,5.66666666666668,1.60938691344785));
#2557=CARTESIAN_POINT('Ctrl Pts',(-11.4317308872603,11.3333333333333,-0.893354660822136));
#2558=CARTESIAN_POINT('Ctrl Pts',(-10.6446364608739,17.,-3.39913680156789));
#2559=CARTESIAN_POINT('Ctrl Pts',(-10.8077172029411,0.,2.76605264311897));
#2560=CARTESIAN_POINT('Ctrl Pts',(-9.47167657822994,5.66666666666665,0.64006023201285));
#2561=CARTESIAN_POINT('Ctrl Pts',(-8.13551100149292,11.3333333333333,-1.48707588441447));
#2562=CARTESIAN_POINT('Ctrl Pts',(-6.79947037678178,17.,-3.6130682955206));
#2563=CARTESIAN_POINT('Ctrl Pts',(-8.35038395351361,0.,2.02250515059534));
#2564=CARTESIAN_POINT('Ctrl Pts',(-6.64411270403397,5.66666666666668,0.587220538411512));
#2565=CARTESIAN_POINT('Ctrl Pts',(-4.93835879551711,11.3333333333333,-0.847860515180633));
#2566=CARTESIAN_POINT('Ctrl Pts',(-3.23208754603747,17.,-2.28314512736446));
#2567=CARTESIAN_POINT('Ctrl Pts',(-7.27521215602762,0.,1.82244014573539));
#2568=CARTESIAN_POINT('Ctrl Pts',(-5.46645258820809,5.66666666666667,0.725985514684335));
#2569=CARTESIAN_POINT('Ctrl Pts',(-3.65769302038855,11.3333333333333,-0.370469116366718));
#2570=CARTESIAN_POINT('Ctrl Pts',(-1.84893345256902,17.,-1.46692374741777));
#2571=CARTESIAN_POINT('',(-7.27521215602761,0.,1.82244014573539));
#2572=CARTESIAN_POINT('',(-1.8547361943879,17.,-1.47034610559983));
#2573=CARTESIAN_POINT('Ctrl Pts',(-7.27521215602762,-5.55111512312578E-16,
1.82244014573539));
#2574=CARTESIAN_POINT('Ctrl Pts',(-7.37001935866952,2.95392185940043,1.44396817520007));
#2575=CARTESIAN_POINT('Ctrl Pts',(-7.25539532204009,5.71777980949671,0.62734925742436));
#2576=CARTESIAN_POINT('Ctrl Pts',(-5.84134059135964,10.7761248936206,-0.783927933960417));
#2577=CARTESIAN_POINT('Ctrl Pts',(-4.86136069279762,12.7102411259447,-1.26914615935552));
#2578=CARTESIAN_POINT('Ctrl Pts',(-3.12970264987225,15.3574058238691,-1.53338327834444));
#2579=CARTESIAN_POINT('Ctrl Pts',(-2.50246395400961,16.2095798688006,-1.5503303650229));
#2580=CARTESIAN_POINT('Ctrl Pts',(-1.8547361943879,17.,-1.47034610559983));
#2581=CARTESIAN_POINT('',(-14.1238686736807,0.,5.05136948644837));
#2582=CARTESIAN_POINT('Origin',(-4.54624071086808,0.,16.4882390746085));
#2583=CARTESIAN_POINT('',(-12.6956731402996,17.,-2.78372742972001));
#2584=CARTESIAN_POINT('',(-14.1238686736807,0.,5.05136948644837));
#2585=CARTESIAN_POINT('Origin',(-8.77763155440232,17.,10.2743236364521));
#2586=CARTESIAN_POINT('Origin',(-7.42421082666301,17.,-1.97544943355331));
#2587=CARTESIAN_POINT('',(-2.36669460617198,17.,-0.0268451511748352));
#2588=CARTESIAN_POINT('Ctrl Pts',(-1.85473619438791,17.,-1.47034610559984));
#2589=CARTESIAN_POINT('Ctrl Pts',(-1.92056649544037,17.,-1.38730590058658));
#2590=CARTESIAN_POINT('Ctrl Pts',(-1.98086985635656,17.,-1.29978195800451));
#2591=CARTESIAN_POINT('Ctrl Pts',(-2.18082486069071,17.,-0.962997221361835));
#2592=CARTESIAN_POINT('Ctrl Pts',(-2.28092665841222,17.,-0.693350056105677));
#2593=CARTESIAN_POINT('Ctrl Pts',(-2.35322107439411,17.,-0.284798418673601));
#2594=CARTESIAN_POINT('Ctrl Pts',(-2.36523141290319,17.,-0.155841691164205));
#2595=CARTESIAN_POINT('Ctrl Pts',(-2.36669460617198,17.,-0.0268451511748354));
#2596=CARTESIAN_POINT('',(-12.9434449845585,17.,-1.12129786526926));
#2597=CARTESIAN_POINT('',(-12.9434449845585,17.,-1.12129786526926));
#2598=CARTESIAN_POINT('Origin',(-8.77763155440232,17.,10.2743236364521));
#2599=CARTESIAN_POINT('Ctrl Pts',(-6.75726660995926,0.,3.25412809187197));
#2600=CARTESIAN_POINT('Ctrl Pts',(-5.29338841943552,5.66666666666667,2.16069079937732));
#2601=CARTESIAN_POINT('Ctrl Pts',(-3.82951022891179,11.3333333333333,1.06725350688267));
#2602=CARTESIAN_POINT('Ctrl Pts',(-2.36563203838805,17.,-0.0261837856119795));
#2603=CARTESIAN_POINT('Ctrl Pts',(-8.18532875992767,0.,3.49271475653051));
#2604=CARTESIAN_POINT('Ctrl Pts',(-6.83819600320643,5.66666666666668,1.94918265158904));
#2605=CARTESIAN_POINT('Ctrl Pts',(-5.4928222747113,11.3333333333333,0.409274005122699));
#2606=CARTESIAN_POINT('Ctrl Pts',(-4.14568951799006,17.,-1.13425809981877));
#2607=CARTESIAN_POINT('Ctrl Pts',(-10.6157890802086,0.,4.31843047226258));
#2608=CARTESIAN_POINT('Ctrl Pts',(-9.66791785726877,5.66666666666665,2.13122400793656));
#2609=CARTESIAN_POINT('Ctrl Pts',(-8.71955267866083,11.3333333333334,-0.0574132644204198));
#2610=CARTESIAN_POINT('Ctrl Pts',(-7.77168145572098,17.,-2.24461972874644));
#2611=CARTESIAN_POINT('Ctrl Pts',(-12.7068456554289,0.,5.78244548712479));
#2612=CARTESIAN_POINT('Ctrl Pts',(-12.2935740341151,5.66666666666668,3.30106450644874));
#2613=CARTESIAN_POINT('Ctrl Pts',(-11.8797363617679,11.3333333333333,0.820154324683431));
#2614=CARTESIAN_POINT('Ctrl Pts',(-11.4664647404541,17.,-1.66122665599262));
#2615=CARTESIAN_POINT('Ctrl Pts',(-13.5145332199185,0.,6.50825618374394));
#2616=CARTESIAN_POINT('Ctrl Pts',(-13.3241704747985,5.66666666666667,3.96507150073954));
#2617=CARTESIAN_POINT('Ctrl Pts',(-13.1338077296785,11.3333333333333,1.42188681773514));
#2618=CARTESIAN_POINT('Ctrl Pts',(-12.9434449845585,17.,-1.12129786526926));
#2619=CARTESIAN_POINT('',(-6.75726650926815,2.11400492332643E-7,3.25412804338169));
#2620=CARTESIAN_POINT('Ctrl Pts',(-2.36669460617197,17.,-0.0268451511748343));
#2621=CARTESIAN_POINT('Ctrl Pts',(-3.03375299014279,16.0526293914444,-0.106836224929346));
#2622=CARTESIAN_POINT('Ctrl Pts',(-3.77189148142176,14.9133074195309,-0.0729812485608955));
#2623=CARTESIAN_POINT('Ctrl Pts',(-5.14013865310122,12.2923460762784,0.308140924962325));
#2624=CARTESIAN_POINT('Ctrl Pts',(-5.68149428011428,10.9737992066874,0.620397423555799));
#2625=CARTESIAN_POINT('Ctrl Pts',(-6.96094715925008,6.47344157098529,1.80965125621373));
#2626=CARTESIAN_POINT('Ctrl Pts',(-6.98628678863047,3.43009303926779,2.77856249765555));
#2627=CARTESIAN_POINT('Ctrl Pts',(-6.75726650926814,2.11400492944325E-7,
3.25412804338168));
#2628=CARTESIAN_POINT('',(-13.5145332199185,0.,6.50825618374394));
#2629=CARTESIAN_POINT('',(-13.5145332199185,0.,6.50825618374394));
#2630=CARTESIAN_POINT('Origin',(-4.54624071086808,0.,16.4882390746085));
#2631=CARTESIAN_POINT('Ctrl Pts',(-13.5145332199185,0.,6.50825618374394));
#2632=CARTESIAN_POINT('Ctrl Pts',(-13.3241704747985,5.66666666666667,3.96507150073954));
#2633=CARTESIAN_POINT('Ctrl Pts',(-13.1338077296785,11.3333333333333,1.42188681773514));
#2634=CARTESIAN_POINT('Ctrl Pts',(-12.9434449845585,17.,-1.12129786526926));
#2635=CARTESIAN_POINT('Ctrl Pts',(-13.7176450378392,0.,6.02262728464542));
#2636=CARTESIAN_POINT('Ctrl Pts',(-13.4320481484947,5.66666666666666,3.45660450529044));
#2637=CARTESIAN_POINT('Ctrl Pts',(-13.1464512591501,11.3333333333333,0.890581725935466));
#2638=CARTESIAN_POINT('Ctrl Pts',(-12.8608543698056,17.,-1.67544105341951));
#2639=CARTESIAN_POINT('Ctrl Pts',(-13.92075685576,0.,5.53699838554689));
#2640=CARTESIAN_POINT('Ctrl Pts',(-13.5399258221908,5.66666666666667,2.94813750984134));
#2641=CARTESIAN_POINT('Ctrl Pts',(-13.1590947886217,11.3333333333333,0.359276634135789));
#2642=CARTESIAN_POINT('Ctrl Pts',(-12.7782637550526,17.,-2.22958424156976));
#2643=CARTESIAN_POINT('Ctrl Pts',(-14.1238686736807,0.,5.05136948644837));
#2644=CARTESIAN_POINT('Ctrl Pts',(-13.647803495887,5.66666666666667,2.43967051439224));
#2645=CARTESIAN_POINT('Ctrl Pts',(-13.1717383180933,11.3333333333333,-0.172028457663884));
#2646=CARTESIAN_POINT('Ctrl Pts',(-12.6956731402996,17.,-2.78372742972001));
#2647=CARTESIAN_POINT('',(-14.1238686736807,0.,5.05136948644837));
#2648=CARTESIAN_POINT('Ctrl Pts',(-6.75726650926814,0.,3.25412804338168));
#2649=CARTESIAN_POINT('Ctrl Pts',(-10.0113945526498,0.,-3.50313846588646));
#2650=CARTESIAN_POINT('Ctrl Pts',(-3.25412804338168,0.,-6.75726650926814));
#2651=CARTESIAN_POINT('Ctrl Pts',(3.50313846588646,0.,-10.0113945526498));
#2652=CARTESIAN_POINT('Ctrl Pts',(6.75726650926814,0.,-3.25412804338168));
#2653=CARTESIAN_POINT('Ctrl Pts',(10.0113945526498,0.,3.50313846588646));
#2654=CARTESIAN_POINT('Ctrl Pts',(3.25412804338168,0.,6.75726650926814));
#2655=CARTESIAN_POINT('Ctrl Pts',(-3.50313846588646,0.,10.0113945526498));
#2656=CARTESIAN_POINT('Ctrl Pts',(-6.75726650926814,0.,3.25412804338168));
#2657=CARTESIAN_POINT('Ctrl Pts',(-6.75726650926816,1.28619927878427,3.25412804338169));
#2658=CARTESIAN_POINT('Ctrl Pts',(-10.0113945526498,1.28619927878427,-3.50313846588646));
#2659=CARTESIAN_POINT('Ctrl Pts',(-3.25412804338169,1.28619927878427,-6.75726650926816));
#2660=CARTESIAN_POINT('Ctrl Pts',(3.50313846588646,1.28619927878427,-10.0113945526498));
#2661=CARTESIAN_POINT('Ctrl Pts',(6.75726650926816,1.28619927878427,-3.25412804338169));
#2662=CARTESIAN_POINT('Ctrl Pts',(10.0113945526498,1.28619927878427,3.50313846588646));
#2663=CARTESIAN_POINT('Ctrl Pts',(3.25412804338169,1.28619927878427,6.75726650926816));
#2664=CARTESIAN_POINT('Ctrl Pts',(-3.50313846588646,1.28619927878427,10.0113945526498));
#2665=CARTESIAN_POINT('Ctrl Pts',(-6.75726650926816,1.28619927878427,3.25412804338169));
#2666=CARTESIAN_POINT('Ctrl Pts',(-6.67838003496527,3.71669671827733,3.21613831959021));
#2667=CARTESIAN_POINT('Ctrl Pts',(-9.89451835455548,3.71669671827733,-3.46224171537506));
#2668=CARTESIAN_POINT('Ctrl Pts',(-3.21613831959021,3.71669671827733,-6.67838003496527));
#2669=CARTESIAN_POINT('Ctrl Pts',(3.46224171537506,3.71669671827733,-9.89451835455548));
#2670=CARTESIAN_POINT('Ctrl Pts',(6.67838003496527,3.71669671827733,-3.21613831959021));
#2671=CARTESIAN_POINT('Ctrl Pts',(9.89451835455548,3.71669671827733,3.46224171537506));
#2672=CARTESIAN_POINT('Ctrl Pts',(3.21613831959021,3.71669671827733,6.67838003496527));
#2673=CARTESIAN_POINT('Ctrl Pts',(-3.46224171537506,3.71669671827733,9.89451835455548));
#2674=CARTESIAN_POINT('Ctrl Pts',(-6.67838003496527,3.71669671827733,3.21613831959021));
#2675=CARTESIAN_POINT('Ctrl Pts',(-6.32360379637941,6.9371224805602,3.04528708773125));
#2676=CARTESIAN_POINT('Ctrl Pts',(-9.36889088411066,6.9371224805602,-3.27831670864816));
#2677=CARTESIAN_POINT('Ctrl Pts',(-3.04528708773125,6.9371224805602,-6.32360379637941));
#2678=CARTESIAN_POINT('Ctrl Pts',(3.27831670864816,6.9371224805602,-9.36889088411066));
#2679=CARTESIAN_POINT('Ctrl Pts',(6.32360379637941,6.9371224805602,-3.04528708773125));
#2680=CARTESIAN_POINT('Ctrl Pts',(9.36889088411066,6.9371224805602,3.27831670864816));
#2681=CARTESIAN_POINT('Ctrl Pts',(3.04528708773125,6.9371224805602,6.32360379637941));
#2682=CARTESIAN_POINT('Ctrl Pts',(-3.27831670864816,6.9371224805602,9.36889088411066));
#2683=CARTESIAN_POINT('Ctrl Pts',(-6.32360379637941,6.9371224805602,3.04528708773125));
#2684=CARTESIAN_POINT('Ctrl Pts',(-5.44291055570531,10.4977271642633,2.62116757606726));
#2685=CARTESIAN_POINT('Ctrl Pts',(-8.06407813177256,10.4977271642633,-2.82174297963805));
#2686=CARTESIAN_POINT('Ctrl Pts',(-2.62116757606726,10.4977271642633,-5.44291055570531));
#2687=CARTESIAN_POINT('Ctrl Pts',(2.82174297963805,10.4977271642633,-8.06407813177256));
#2688=CARTESIAN_POINT('Ctrl Pts',(5.44291055570531,10.4977271642633,-2.62116757606726));
#2689=CARTESIAN_POINT('Ctrl Pts',(8.06407813177256,10.4977271642633,2.82174297963805));
#2690=CARTESIAN_POINT('Ctrl Pts',(2.62116757606726,10.4977271642633,5.44291055570531));
#2691=CARTESIAN_POINT('Ctrl Pts',(-2.82174297963805,10.4977271642633,8.06407813177256));
#2692=CARTESIAN_POINT('Ctrl Pts',(-5.44291055570531,10.4977271642633,2.62116757606726));
#2693=CARTESIAN_POINT('Ctrl Pts',(-3.88978200632025,14.1349534015122,1.87322028693806));
#2694=CARTESIAN_POINT('Ctrl Pts',(-5.7630022932583,14.1349534015122,-2.01656171938219));
#2695=CARTESIAN_POINT('Ctrl Pts',(-1.87322028693806,14.1349534015122,-3.88978200632025));
#2696=CARTESIAN_POINT('Ctrl Pts',(2.01656171938219,14.1349534015122,-5.7630022932583));
#2697=CARTESIAN_POINT('Ctrl Pts',(3.88978200632025,14.1349534015122,-1.87322028693806));
#2698=CARTESIAN_POINT('Ctrl Pts',(5.7630022932583,14.1349534015122,2.01656171938219));
#2699=CARTESIAN_POINT('Ctrl Pts',(1.87322028693806,14.1349534015122,3.88978200632025));
#2700=CARTESIAN_POINT('Ctrl Pts',(-2.01656171938219,14.1349534015122,5.7630022932583));
#2701=CARTESIAN_POINT('Ctrl Pts',(-3.88978200632025,14.1349534015122,1.87322028693806));
#2702=CARTESIAN_POINT('Ctrl Pts',(-2.42532571888554,16.6454841687655,1.1679753085564));
#2703=CARTESIAN_POINT('Ctrl Pts',(-3.59330102744193,16.6454841687655,-1.25735041032914));
#2704=CARTESIAN_POINT('Ctrl Pts',(-1.1679753085564,16.6454841687655,-2.42532571888554));
#2705=CARTESIAN_POINT('Ctrl Pts',(1.25735041032914,16.6454841687655,-3.59330102744193));
#2706=CARTESIAN_POINT('Ctrl Pts',(2.42532571888554,16.6454841687655,-1.1679753085564));
#2707=CARTESIAN_POINT('Ctrl Pts',(3.59330102744193,16.6454841687655,1.25735041032914));
#2708=CARTESIAN_POINT('Ctrl Pts',(1.1679753085564,16.6454841687655,2.42532571888554));
#2709=CARTESIAN_POINT('Ctrl Pts',(-1.25735041032914,16.6454841687655,3.59330102744193));
#2710=CARTESIAN_POINT('Ctrl Pts',(-2.42532571888554,16.6454841687655,1.1679753085564));
#2711=CARTESIAN_POINT('Ctrl Pts',(-1.24314871469516,18.3775800903139,0.598668868400389));
#2712=CARTESIAN_POINT('Ctrl Pts',(-1.84181758309554,18.3775800903139,-0.644479846294767));
#2713=CARTESIAN_POINT('Ctrl Pts',(-0.598668868400389,18.3775800903139,-1.24314871469516));
#2714=CARTESIAN_POINT('Ctrl Pts',(0.644479846294767,18.3775800903139,-1.84181758309554));
#2715=CARTESIAN_POINT('Ctrl Pts',(1.24314871469516,18.3775800903139,-0.598668868400389));
#2716=CARTESIAN_POINT('Ctrl Pts',(1.84181758309554,18.3775800903139,0.644479846294767));
#2717=CARTESIAN_POINT('Ctrl Pts',(0.598668868400389,18.3775800903139,1.24314871469516));
#2718=CARTESIAN_POINT('Ctrl Pts',(-0.644479846294767,18.3775800903139,1.84181758309554));
#2719=CARTESIAN_POINT('Ctrl Pts',(-1.24314871469516,18.3775800903139,0.598668868400389));
#2720=CARTESIAN_POINT('Ctrl Pts',(-0.420191827855614,19.469642463486,0.202353719325606));
#2721=CARTESIAN_POINT('Ctrl Pts',(-0.622545547181219,19.469642463486,-0.217838108530008));
#2722=CARTESIAN_POINT('Ctrl Pts',(-0.202353719325606,19.469642463486,-0.420191827855614));
#2723=CARTESIAN_POINT('Ctrl Pts',(0.217838108530008,19.469642463486,-0.622545547181219));
#2724=CARTESIAN_POINT('Ctrl Pts',(0.420191827855614,19.469642463486,-0.202353719325606));
#2725=CARTESIAN_POINT('Ctrl Pts',(0.622545547181219,19.469642463486,0.217838108530008));
#2726=CARTESIAN_POINT('Ctrl Pts',(0.202353719325606,19.469642463486,0.420191827855614));
#2727=CARTESIAN_POINT('Ctrl Pts',(-0.217838108530008,19.469642463486,0.622545547181219));
#2728=CARTESIAN_POINT('Ctrl Pts',(-0.420191827855614,19.469642463486,0.202353719325606));
#2729=CARTESIAN_POINT('Ctrl Pts',(0.,20.,0.));
#2730=CARTESIAN_POINT('Ctrl Pts',(0.,20.,0.));
#2731=CARTESIAN_POINT('Ctrl Pts',(0.,20.,0.));
#2732=CARTESIAN_POINT('Ctrl Pts',(0.,20.,0.));
#2733=CARTESIAN_POINT('Ctrl Pts',(0.,20.,0.));
#2734=CARTESIAN_POINT('Ctrl Pts',(0.,20.,0.));
#2735=CARTESIAN_POINT('Ctrl Pts',(0.,20.,0.));
#2736=CARTESIAN_POINT('Ctrl Pts',(0.,20.,0.));
#2737=CARTESIAN_POINT('Ctrl Pts',(0.,20.,0.));
#2738=CARTESIAN_POINT('',(0.,20.,0.));
#2739=CARTESIAN_POINT('Ctrl Pts',(0.,20.,0.));
#2740=CARTESIAN_POINT('Ctrl Pts',(-0.420191827855614,19.469642463486,0.202353719325606));
#2741=CARTESIAN_POINT('Ctrl Pts',(-1.24314871469516,18.3775800903139,0.598668868400389));
#2742=CARTESIAN_POINT('Ctrl Pts',(-2.42532571888554,16.6454841687655,1.1679753085564));
#2743=CARTESIAN_POINT('Ctrl Pts',(-3.88978200632025,14.1349534015122,1.87322028693806));
#2744=CARTESIAN_POINT('Ctrl Pts',(-5.44291055570531,10.4977271642633,2.62116757606726));
#2745=CARTESIAN_POINT('Ctrl Pts',(-6.32360379637941,6.9371224805602,3.04528708773125));
#2746=CARTESIAN_POINT('Ctrl Pts',(-6.67838003496527,3.71669671827733,3.21613831959021));
#2747=CARTESIAN_POINT('Ctrl Pts',(-6.75726650926816,1.28619927878427,3.25412804338169));
#2748=CARTESIAN_POINT('Ctrl Pts',(-6.75726650926814,0.,3.25412804338168));
#2749=CARTESIAN_POINT('Origin',(0.,0.,0.));
#2750=CARTESIAN_POINT('Origin',(0.,0.,0.));
#2751=CARTESIAN_POINT('Origin',(0.,0.,0.));
#2752=CARTESIAN_POINT('',(-0.8,0.,-9.79717439317883E-17));
#2753=CARTESIAN_POINT('Origin',(0.,0.,0.));
#2754=CARTESIAN_POINT('',(-0.8,4.,-9.79717439317883E-17));
#2755=CARTESIAN_POINT('',(-0.8,0.,9.79717439317883E-17));
#2756=CARTESIAN_POINT('Origin',(0.,4.,0.));
#2757=CARTESIAN_POINT('Origin',(0.,4.,0.));
#2758=CARTESIAN_POINT('Origin',(2.5,0.,0.));
#2759=CARTESIAN_POINT('',(1.45,0.,-1.28587913910472E-16));
#2760=CARTESIAN_POINT('Origin',(2.5,0.,0.));
#2761=CARTESIAN_POINT('',(1.45,4.,-1.28587913910472E-16));
#2762=CARTESIAN_POINT('',(1.45,0.,1.28587913910472E-16));
#2763=CARTESIAN_POINT('Origin',(2.5,4.,0.));
#2764=CARTESIAN_POINT('Origin',(2.5,4.,0.));
#2765=CARTESIAN_POINT('Origin',(-2.5,0.,0.));
#2766=CARTESIAN_POINT('',(-3.55,0.,-1.28587913910472E-16));
#2767=CARTESIAN_POINT('Origin',(-2.5,0.,0.));
#2768=CARTESIAN_POINT('',(-3.55,4.,-1.28587913910472E-16));
#2769=CARTESIAN_POINT('',(-3.55,0.,1.28587913910472E-16));
#2770=CARTESIAN_POINT('Origin',(-2.5,4.,0.));
#2771=CARTESIAN_POINT('Origin',(-2.5,4.,0.));
#2772=CARTESIAN_POINT('Ctrl Pts',(-4.85676838674824,0.,14.1919625435485));
#2773=CARTESIAN_POINT('Ctrl Pts',(-6.60185508245669,5.66666666666667,12.1913921252407));
#2774=CARTESIAN_POINT('Ctrl Pts',(-8.34694177816513,11.3333333333333,10.1908217069329));
#2775=CARTESIAN_POINT('Ctrl Pts',(-10.0920284738736,17.,8.19025128862515));
#2776=CARTESIAN_POINT('Ctrl Pts',(-4.891695895518,0.,12.7342113444353));
#2777=CARTESIAN_POINT('Ctrl Pts',(-6.36004991340744,5.66666666666668,10.5565065317767));
#2778=CARTESIAN_POINT('Ctrl Pts',(-7.82602042464057,11.3333333333333,8.38068958629669));
#2779=CARTESIAN_POINT('Ctrl Pts',(-9.29437444253,17.,6.20298477363802));
#2780=CARTESIAN_POINT('Ctrl Pts',(-4.57591140641894,0.,10.1744199809511));
#2781=CARTESIAN_POINT('Ctrl Pts',(-5.40507150053346,5.66666666666665,7.80432677154196));
#2782=CARTESIAN_POINT('Ctrl Pts',(-6.23503840805923,11.3333333333334,5.43343588679537));
#2783=CARTESIAN_POINT('Ctrl Pts',(-7.06419850217374,17.,3.06334267738621));
#2784=CARTESIAN_POINT('Ctrl Pts',(-3.62512103643137,0.,7.78960440115575));
#2785=CARTESIAN_POINT('Ctrl Pts',(-3.68342900928328,5.66666666666668,5.56070250222112));
#2786=CARTESIAN_POINT('Ctrl Pts',(-3.74190039043409,11.3333333333333,3.33233199344436));
#2787=CARTESIAN_POINT('Ctrl Pts',(-3.800208363286,17.,1.10343009450973));
#2788=CARTESIAN_POINT('Ctrl Pts',(-3.11117950479236,0.,6.82426275058046));
#2789=CARTESIAN_POINT('Ctrl Pts',(-2.84067910989605,5.66666666666667,4.72648929558277));
#2790=CARTESIAN_POINT('Ctrl Pts',(-2.57017871499975,11.3333333333333,2.62871584058508));
#2791=CARTESIAN_POINT('Ctrl Pts',(-2.29967832010344,17.,0.530942385587396));
#2792=CARTESIAN_POINT('',(-3.11117950479236,0.,6.82426275058046));
#2793=CARTESIAN_POINT('',(-2.30597197782135,17.,0.533345346401206));
#2794=CARTESIAN_POINT('Ctrl Pts',(-3.11117950479236,-1.11022302462516E-15,
6.82426275058046));
#2795=CARTESIAN_POINT('Ctrl Pts',(-3.46619213057857,2.95392185940043,6.66241259245248));
#2796=CARTESIAN_POINT('Ctrl Pts',(-4.03318359178825,5.71777980949671,6.06364234472995));
#2797=CARTESIAN_POINT('Ctrl Pts',(-4.25491582665257,10.7761248936206,4.07817290192688));
#2798=CARTESIAN_POINT('Ctrl Pts',(-4.02326723835376,12.7102411259447,3.00946514983542));
#2799=CARTESIAN_POINT('Ctrl Pts',(-3.15018500674532,15.3574058238691,1.49085122604528));
#2800=CARTESIAN_POINT('Ctrl Pts',(-2.77235784244513,16.2095798688006,0.989889930882434));
#2801=CARTESIAN_POINT('Ctrl Pts',(-2.30597197782135,17.,0.533345346401204));
#2802=CARTESIAN_POINT('',(-4.85676838674824,0.,14.1919625435485));
#2803=CARTESIAN_POINT('Origin',(10.0564896789672,0.,13.8346430282616));
#2804=CARTESIAN_POINT('',(-10.0920284738736,17.,8.19025128862515));
#2805=CARTESIAN_POINT('',(-4.85676838674824,0.,14.1919625435485));
#2806=CARTESIAN_POINT('Origin',(2.56002592140042,17.,13.2685646990606));
#2807=CARTESIAN_POINT('Origin',(-6.1733882964492,17.,4.57280918085704));
#2808=CARTESIAN_POINT('',(-1.4965983354024,17.,1.83361867450566));
#2809=CARTESIAN_POINT('Ctrl Pts',(-2.30597197782135,17.,0.533345346401207));
#2810=CARTESIAN_POINT('Ctrl Pts',(-2.28209305259089,17.,0.636588269234392));
#2811=CARTESIAN_POINT('Ctrl Pts',(-2.25126260935956,17.,0.738305620915697));
#2812=CARTESIAN_POINT('Ctrl Pts',(-2.11262360547057,17.,1.10461858709955));
#2813=CARTESIAN_POINT('Ctrl Pts',(-1.96421741254213,17.,1.3510035816472));
#2814=CARTESIAN_POINT('Ctrl Pts',(-1.68987371127991,17.,1.66225341154007));
#2815=CARTESIAN_POINT('Ctrl Pts',(-1.5965396054143,17.,1.75204667678475));
#2816=CARTESIAN_POINT('Ctrl Pts',(-1.4965983354024,17.,1.83361867450566));
#2817=CARTESIAN_POINT('',(-8.94677192108353,17.,9.42047499667944));
#2818=CARTESIAN_POINT('',(-8.94677192108353,17.,9.42047499667944));
#2819=CARTESIAN_POINT('Origin',(2.56002592140042,17.,13.2685646990606));
#2820=CARTESIAN_POINT('Ctrl Pts',(-1.66890702954101,0.,7.31195945032036));
#2821=CARTESIAN_POINT('Ctrl Pts',(-1.61107760596297,5.66666666666667,5.48570639362813));
#2822=CARTESIAN_POINT('Ctrl Pts',(-1.55324818238492,11.3333333333333,3.6594533369359));
#2823=CARTESIAN_POINT('Ctrl Pts',(-1.49541875880688,17.,1.83320028024367));
#2824=CARTESIAN_POINT('Ctrl Pts',(-2.37275465073969,0.,8.57721975036073));
#2825=CARTESIAN_POINT('Ctrl Pts',(-2.73961310901754,5.66666666666668,6.56161242381957));
#2826=CARTESIAN_POINT('Ctrl Pts',(-3.10473536954428,11.3333333333333,4.54963955033083));
#2827=CARTESIAN_POINT('Ctrl Pts',(-3.47159382782213,17.,2.53403222378967));
#2828=CARTESIAN_POINT('Ctrl Pts',(-3.24254300051835,0.,10.9922571049852));
#2829=CARTESIAN_POINT('Ctrl Pts',(-4.36158183200766,5.66666666666665,8.88748061649855));
#2830=CARTESIAN_POINT('Ctrl Pts',(-5.48140265338878,11.3333333333334,6.78145707710742));
#2831=CARTESIAN_POINT('Ctrl Pts',(-6.60044148487809,17.,4.67668058862081));
#2832=CARTESIAN_POINT('Ctrl Pts',(-3.40169075246352,0.,13.5399077673028));
#2833=CARTESIAN_POINT('Ctrl Pts',(-5.08404188186669,5.66666666666668,11.6696832669713));
#2834=CARTESIAN_POINT('Ctrl Pts',(-6.76567199881286,11.3333333333333,9.79930974844083));
#2835=CARTESIAN_POINT('Ctrl Pts',(-8.44802312821603,17.,7.92908524810937));
#2836=CARTESIAN_POINT('Ctrl Pts',(-3.33781405908202,0.,14.6239189006407));
#2837=CARTESIAN_POINT('Ctrl Pts',(-5.20746667974919,5.66666666666667,12.8894375993203));
#2838=CARTESIAN_POINT('Ctrl Pts',(-7.07711930041636,11.3333333333333,11.1549562979999));
#2839=CARTESIAN_POINT('Ctrl Pts',(-8.94677192108353,17.,9.42047499667944));
#2840=CARTESIAN_POINT('',(-1.66890700467236,2.11400499510788E-7,7.31195934136368));
#2841=CARTESIAN_POINT('Ctrl Pts',(-1.4965983354024,17.,1.83361867450566));
#2842=CARTESIAN_POINT('Ctrl Pts',(-1.97504197483027,16.0526293914444,2.30527230101262));
#2843=CARTESIAN_POINT('Ctrl Pts',(-2.40879491013903,14.9133074195309,2.90348044442388));
#2844=CARTESIAN_POINT('Ctrl Pts',(-2.96390975417613,12.2923460762784,4.21084494749467));
#2845=CARTESIAN_POINT('Ctrl Pts',(-3.057307505592,10.9737992066874,4.82878256234185));
#2846=CARTESIAN_POINT('Ctrl Pts',(-2.92523724067424,6.47344157098529,6.57058674006822));
#2847=CARTESIAN_POINT('Ctrl Pts',(-2.18351092889939,3.43009303926779,7.19450433801714));
#2848=CARTESIAN_POINT('Ctrl Pts',(-1.66890700467236,2.11400500160774E-7,
7.31195934136368));
#2849=CARTESIAN_POINT('',(-3.33781405908202,0.,14.6239189006407));
#2850=CARTESIAN_POINT('',(-3.33781405908202,0.,14.6239189006407));
#2851=CARTESIAN_POINT('Origin',(10.0564896789672,0.,13.8346430282616));
#2852=CARTESIAN_POINT('Ctrl Pts',(-3.33781405908202,0.,14.6239189006407));
#2853=CARTESIAN_POINT('Ctrl Pts',(-5.20746667974919,5.66666666666667,12.8894375993203));
#2854=CARTESIAN_POINT('Ctrl Pts',(-7.07711930041636,11.3333333333333,11.1549562979999));
#2855=CARTESIAN_POINT('Ctrl Pts',(-8.94677192108353,17.,9.42047499667944));
#2856=CARTESIAN_POINT('Ctrl Pts',(-3.8441321683041,0.,14.4799334482766));
#2857=CARTESIAN_POINT('Ctrl Pts',(-5.67226281398502,5.66666666666666,12.6567557746271));
#2858=CARTESIAN_POINT('Ctrl Pts',(-7.50039345966596,11.3333333333333,10.8335781009776));
#2859=CARTESIAN_POINT('Ctrl Pts',(-9.32852410534688,17.,9.01040042732801));
#2860=CARTESIAN_POINT('Ctrl Pts',(-4.35045027752617,0.,14.3359479959126));
#2861=CARTESIAN_POINT('Ctrl Pts',(-6.13705894822086,5.66666666666667,12.4240739499339));
#2862=CARTESIAN_POINT('Ctrl Pts',(-7.92366761891554,11.3333333333333,10.5121999039552));
#2863=CARTESIAN_POINT('Ctrl Pts',(-9.71027628961023,17.,8.60032585797658));
#2864=CARTESIAN_POINT('Ctrl Pts',(-4.85676838674824,0.,14.1919625435485));
#2865=CARTESIAN_POINT('Ctrl Pts',(-6.60185508245668,5.66666666666667,12.1913921252407));
#2866=CARTESIAN_POINT('Ctrl Pts',(-8.34694177816513,11.3333333333333,10.1908217069329));
#2867=CARTESIAN_POINT('Ctrl Pts',(-10.0920284738736,17.,8.19025128862515));
#2868=CARTESIAN_POINT('',(-4.85676838674824,0.,14.1919625435485));
#2869=CARTESIAN_POINT('Ctrl Pts',(-1.66890700467236,0.,7.31195934136368));
#2870=CARTESIAN_POINT('Ctrl Pts',(-8.98086634603603,0.,5.64305233669132));
#2871=CARTESIAN_POINT('Ctrl Pts',(-7.31195934136368,0.,-1.66890700467236));
#2872=CARTESIAN_POINT('Ctrl Pts',(-5.64305233669132,0.,-8.98086634603603));
#2873=CARTESIAN_POINT('Ctrl Pts',(1.66890700467236,0.,-7.31195934136368));
#2874=CARTESIAN_POINT('Ctrl Pts',(8.98086634603603,0.,-5.64305233669132));
#2875=CARTESIAN_POINT('Ctrl Pts',(7.31195934136368,0.,1.66890700467236));
#2876=CARTESIAN_POINT('Ctrl Pts',(5.64305233669132,0.,8.98086634603603));
#2877=CARTESIAN_POINT('Ctrl Pts',(-1.66890700467236,0.,7.31195934136368));
#2878=CARTESIAN_POINT('Ctrl Pts',(-1.66890700467236,1.28619927878427,7.31195934136369));
#2879=CARTESIAN_POINT('Ctrl Pts',(-8.98086634603605,1.28619927878427,5.64305233669133));
#2880=CARTESIAN_POINT('Ctrl Pts',(-7.31195934136369,1.28619927878427,-1.66890700467236));
#2881=CARTESIAN_POINT('Ctrl Pts',(-5.64305233669133,1.28619927878427,-8.98086634603605));
#2882=CARTESIAN_POINT('Ctrl Pts',(1.66890700467236,1.28619927878427,-7.31195934136369));
#2883=CARTESIAN_POINT('Ctrl Pts',(8.98086634603605,1.28619927878427,-5.64305233669133));
#2884=CARTESIAN_POINT('Ctrl Pts',(7.31195934136369,1.28619927878427,1.66890700467236));
#2885=CARTESIAN_POINT('Ctrl Pts',(5.64305233669133,1.28619927878427,8.98086634603605));
#2886=CARTESIAN_POINT('Ctrl Pts',(-1.66890700467236,1.28619927878427,7.31195934136369));
#2887=CARTESIAN_POINT('Ctrl Pts',(-1.64942365451037,3.71669671827733,7.22659720685337));
#2888=CARTESIAN_POINT('Ctrl Pts',(-8.87602086136374,3.71669671827733,5.577173552343));
#2889=CARTESIAN_POINT('Ctrl Pts',(-7.22659720685337,3.71669671827733,-1.64942365451037));
#2890=CARTESIAN_POINT('Ctrl Pts',(-5.577173552343,3.71669671827733,-8.87602086136374));
#2891=CARTESIAN_POINT('Ctrl Pts',(1.64942365451037,3.71669671827733,-7.22659720685337));
#2892=CARTESIAN_POINT('Ctrl Pts',(8.87602086136374,3.71669671827733,-5.577173552343));
#2893=CARTESIAN_POINT('Ctrl Pts',(7.22659720685337,3.71669671827733,1.64942365451037));
#2894=CARTESIAN_POINT('Ctrl Pts',(5.577173552343,3.71669671827733,8.87602086136374));
#2895=CARTESIAN_POINT('Ctrl Pts',(-1.64942365451037,3.71669671827733,7.22659720685337));
#2896=CARTESIAN_POINT('Ctrl Pts',(-1.56180115969606,6.9371224805602,6.8426979735963));
#2897=CARTESIAN_POINT('Ctrl Pts',(-8.40449913329235,6.9371224805602,5.28089681390024));
#2898=CARTESIAN_POINT('Ctrl Pts',(-6.8426979735963,6.9371224805602,-1.56180115969606));
#2899=CARTESIAN_POINT('Ctrl Pts',(-5.28089681390024,6.9371224805602,-8.40449913329235));
#2900=CARTESIAN_POINT('Ctrl Pts',(1.56180115969606,6.9371224805602,-6.8426979735963));
#2901=CARTESIAN_POINT('Ctrl Pts',(8.40449913329235,6.9371224805602,-5.28089681390024));
#2902=CARTESIAN_POINT('Ctrl Pts',(6.8426979735963,6.9371224805602,1.56180115969606));
#2903=CARTESIAN_POINT('Ctrl Pts',(5.28089681390024,6.9371224805602,8.40449913329235));
#2904=CARTESIAN_POINT('Ctrl Pts',(-1.56180115969606,6.9371224805602,6.8426979735963));
#2905=CARTESIAN_POINT('Ctrl Pts',(-1.34428789211772,10.4977271642633,5.88971008134868));
#2906=CARTESIAN_POINT('Ctrl Pts',(-7.2339979734664,10.4977271642633,4.54542218923096));
#2907=CARTESIAN_POINT('Ctrl Pts',(-5.88971008134868,10.4977271642633,-1.34428789211772));
#2908=CARTESIAN_POINT('Ctrl Pts',(-4.54542218923096,10.4977271642633,-7.2339979734664));
#2909=CARTESIAN_POINT('Ctrl Pts',(1.34428789211772,10.4977271642633,-5.88971008134868));
#2910=CARTESIAN_POINT('Ctrl Pts',(7.2339979734664,10.4977271642633,-4.54542218923096));
#2911=CARTESIAN_POINT('Ctrl Pts',(5.88971008134868,10.4977271642633,1.34428789211772));
#2912=CARTESIAN_POINT('Ctrl Pts',(4.54542218923096,10.4977271642633,7.2339979734664));
#2913=CARTESIAN_POINT('Ctrl Pts',(-1.34428789211772,10.4977271642633,5.88971008134868));
#2914=CARTESIAN_POINT('Ctrl Pts',(-0.960696818468309,14.1349534015122,4.20908777801959));
#2915=CARTESIAN_POINT('Ctrl Pts',(-5.1697845964879,14.1349534015122,3.24839095955129));
#2916=CARTESIAN_POINT('Ctrl Pts',(-4.20908777801959,14.1349534015122,-0.960696818468309));
#2917=CARTESIAN_POINT('Ctrl Pts',(-3.24839095955129,14.1349534015122,-5.1697845964879));
#2918=CARTESIAN_POINT('Ctrl Pts',(0.960696818468309,14.1349534015122,-4.20908777801959));
#2919=CARTESIAN_POINT('Ctrl Pts',(5.1697845964879,14.1349534015122,-3.24839095955129));
#2920=CARTESIAN_POINT('Ctrl Pts',(4.20908777801959,14.1349534015122,0.960696818468309));
#2921=CARTESIAN_POINT('Ctrl Pts',(3.24839095955129,14.1349534015122,5.1697845964879));
#2922=CARTESIAN_POINT('Ctrl Pts',(-0.960696818468309,14.1349534015122,4.20908777801959));
#2923=CARTESIAN_POINT('Ctrl Pts',(-0.599005984936132,16.6454841687655,2.62441669597184));
#2924=CARTESIAN_POINT('Ctrl Pts',(-3.22342268090797,16.6454841687655,2.02541071103571));
#2925=CARTESIAN_POINT('Ctrl Pts',(-2.62441669597184,16.6454841687655,-0.599005984936132));
#2926=CARTESIAN_POINT('Ctrl Pts',(-2.02541071103571,16.6454841687655,-3.22342268090797));
#2927=CARTESIAN_POINT('Ctrl Pts',(0.599005984936132,16.6454841687655,-2.62441669597184));
#2928=CARTESIAN_POINT('Ctrl Pts',(3.22342268090797,16.6454841687655,-2.02541071103571));
#2929=CARTESIAN_POINT('Ctrl Pts',(2.62441669597184,16.6454841687655,0.599005984936132));
#2930=CARTESIAN_POINT('Ctrl Pts',(2.02541071103571,16.6454841687655,3.22342268090797));
#2931=CARTESIAN_POINT('Ctrl Pts',(-0.599005984936132,16.6454841687655,2.62441669597184));
#2932=CARTESIAN_POINT('Ctrl Pts',(-0.307032376917288,18.3775800903139,1.34519673667629));
#2933=CARTESIAN_POINT('Ctrl Pts',(-1.65222911359358,18.3775800903139,1.038164359759));
#2934=CARTESIAN_POINT('Ctrl Pts',(-1.34519673667629,18.3775800903139,-0.307032376917288));
#2935=CARTESIAN_POINT('Ctrl Pts',(-1.038164359759,18.3775800903139,-1.65222911359358));
#2936=CARTESIAN_POINT('Ctrl Pts',(0.307032376917288,18.3775800903139,-1.34519673667629));
#2937=CARTESIAN_POINT('Ctrl Pts',(1.65222911359358,18.3775800903139,-1.038164359759));
#2938=CARTESIAN_POINT('Ctrl Pts',(1.34519673667629,18.3775800903139,0.307032376917288));
#2939=CARTESIAN_POINT('Ctrl Pts',(1.038164359759,18.3775800903139,1.65222911359358));
#2940=CARTESIAN_POINT('Ctrl Pts',(-0.307032376917288,18.3775800903139,1.34519673667629));
#2941=CARTESIAN_POINT('Ctrl Pts',(-0.103778811129098,19.469642463486,0.454684680061005));
#2942=CARTESIAN_POINT('Ctrl Pts',(-0.558463491190103,19.469642463486,0.350905868931908));
#2943=CARTESIAN_POINT('Ctrl Pts',(-0.454684680061005,19.469642463486,-0.103778811129098));
#2944=CARTESIAN_POINT('Ctrl Pts',(-0.350905868931908,19.469642463486,-0.558463491190103));
#2945=CARTESIAN_POINT('Ctrl Pts',(0.103778811129098,19.469642463486,-0.454684680061005));
#2946=CARTESIAN_POINT('Ctrl Pts',(0.558463491190103,19.469642463486,-0.350905868931908));
#2947=CARTESIAN_POINT('Ctrl Pts',(0.454684680061005,19.469642463486,0.103778811129098));
#2948=CARTESIAN_POINT('Ctrl Pts',(0.350905868931908,19.469642463486,0.558463491190103));
#2949=CARTESIAN_POINT('Ctrl Pts',(-0.103778811129098,19.469642463486,0.454684680061005));
#2950=CARTESIAN_POINT('Ctrl Pts',(0.,20.,0.));
#2951=CARTESIAN_POINT('Ctrl Pts',(0.,20.,0.));
#2952=CARTESIAN_POINT('Ctrl Pts',(0.,20.,0.));
#2953=CARTESIAN_POINT('Ctrl Pts',(0.,20.,0.));
#2954=CARTESIAN_POINT('Ctrl Pts',(0.,20.,0.));
#2955=CARTESIAN_POINT('Ctrl Pts',(0.,20.,0.));
#2956=CARTESIAN_POINT('Ctrl Pts',(0.,20.,0.));
#2957=CARTESIAN_POINT('Ctrl Pts',(0.,20.,0.));
#2958=CARTESIAN_POINT('Ctrl Pts',(0.,20.,0.));
#2959=CARTESIAN_POINT('',(0.,20.,0.));
#2960=CARTESIAN_POINT('Ctrl Pts',(0.,20.,0.));
#2961=CARTESIAN_POINT('Ctrl Pts',(-0.103778811129098,19.469642463486,0.454684680061005));
#2962=CARTESIAN_POINT('Ctrl Pts',(-0.307032376917288,18.3775800903139,1.34519673667629));
#2963=CARTESIAN_POINT('Ctrl Pts',(-0.599005984936132,16.6454841687655,2.62441669597184));
#2964=CARTESIAN_POINT('Ctrl Pts',(-0.960696818468309,14.1349534015122,4.20908777801959));
#2965=CARTESIAN_POINT('Ctrl Pts',(-1.34428789211772,10.4977271642633,5.88971008134868));
#2966=CARTESIAN_POINT('Ctrl Pts',(-1.56180115969606,6.9371224805602,6.8426979735963));
#2967=CARTESIAN_POINT('Ctrl Pts',(-1.64942365451037,3.71669671827733,7.22659720685337));
#2968=CARTESIAN_POINT('Ctrl Pts',(-1.66890700467236,1.28619927878427,7.31195934136369));
#2969=CARTESIAN_POINT('Ctrl Pts',(-1.66890700467236,0.,7.31195934136368));
#2970=CARTESIAN_POINT('Origin',(0.,0.,0.));
#2971=CARTESIAN_POINT('Origin',(0.,0.,0.));
#2972=CARTESIAN_POINT('Origin',(0.,0.,0.));
#2973=CARTESIAN_POINT('',(-0.8,0.,-9.79717439317883E-17));
#2974=CARTESIAN_POINT('Origin',(0.,0.,0.));
#2975=CARTESIAN_POINT('',(-0.8,4.,-9.79717439317883E-17));
#2976=CARTESIAN_POINT('',(-0.8,0.,9.79717439317883E-17));
#2977=CARTESIAN_POINT('Origin',(0.,4.,0.));
#2978=CARTESIAN_POINT('Origin',(0.,4.,0.));
#2979=CARTESIAN_POINT('Origin',(2.5,0.,0.));
#2980=CARTESIAN_POINT('',(1.45,0.,-1.28587913910472E-16));
#2981=CARTESIAN_POINT('Origin',(2.5,0.,0.));
#2982=CARTESIAN_POINT('',(1.45,4.,-1.28587913910472E-16));
#2983=CARTESIAN_POINT('',(1.45,0.,1.28587913910472E-16));
#2984=CARTESIAN_POINT('Origin',(2.5,4.,0.));
#2985=CARTESIAN_POINT('Origin',(2.5,4.,0.));
#2986=CARTESIAN_POINT('Origin',(-2.5,0.,0.));
#2987=CARTESIAN_POINT('',(-3.55,0.,-1.28587913910472E-16));
#2988=CARTESIAN_POINT('Origin',(-2.5,0.,0.));
#2989=CARTESIAN_POINT('',(-3.55,4.,-1.28587913910472E-16));
#2990=CARTESIAN_POINT('',(-3.55,0.,1.28587913910472E-16));
#2991=CARTESIAN_POINT('Origin',(-2.5,4.,0.));
#2992=CARTESIAN_POINT('Origin',(-2.5,4.,0.));
#2993=CARTESIAN_POINT('Ctrl Pts',(8.06757755542583,0.,12.6457183420788));
#2994=CARTESIAN_POINT('Ctrl Pts',(5.41542486136501,5.66666666666667,12.7627468067047));
#2995=CARTESIAN_POINT('Ctrl Pts',(2.76327216730419,11.3333333333333,12.8797752713305));
#2996=CARTESIAN_POINT('Ctrl Pts',(0.111119473243364,17.,12.9968037359563));
#2997=CARTESIAN_POINT('Ctrl Pts',(6.90608482883137,0.,11.7641327617448));
#2998=CARTESIAN_POINT('Ctrl Pts',(4.28798289110032,5.66666666666668,11.5543614181879));
#2999=CARTESIAN_POINT('Ctrl Pts',(1.67284303945718,11.3333333333333,11.3439036400215));
#3000=CARTESIAN_POINT('Ctrl Pts',(-0.945258898273881,17.,11.1341322964645));
#3001=CARTESIAN_POINT('Ctrl Pts',(5.10164166270233,0.,9.92124320729672));
#3002=CARTESIAN_POINT('Ctrl Pts',(2.73165531241393,5.66666666666665,9.09177772736036));
#3003=CARTESIAN_POINT('Ctrl Pts',(0.360502990940398,11.3333333333334,8.2624438225212));
#3004=CARTESIAN_POINT('Ctrl Pts',(-2.009483359348,17.,7.43297834258483));
#3005=CARTESIAN_POINT('Ctrl Pts',(3.82993196007657,0.,7.69097265867369));
#3006=CARTESIAN_POINT('Ctrl Pts',(2.05095185771647,5.66666666666668,6.34686206419891));
#3007=CARTESIAN_POINT('Ctrl Pts',(0.272285329503387,11.3333333333333,5.00321054382092));
#3008=CARTESIAN_POINT('Ctrl Pts',(-1.50669477285671,17.,3.65909994934613));
#3009=CARTESIAN_POINT('Ctrl Pts',(3.39563477004773,0.,6.68727631464731));
#3010=CARTESIAN_POINT('Ctrl Pts',(1.92418367746142,5.66666666666667,5.16785023409632));
#3011=CARTESIAN_POINT('Ctrl Pts',(0.452732584875103,11.3333333333333,3.64842415354533));
#3012=CARTESIAN_POINT('Ctrl Pts',(-1.01871850771121,17.,2.12899807299435));
#3013=CARTESIAN_POINT('',(3.39563477004773,0.,6.68727631464731));
#3014=CARTESIAN_POINT('',(-1.02076382869934,17.,2.13541687429976));
#3015=CARTESIAN_POINT('Ctrl Pts',(3.39563477004773,-1.11022302462516E-15,
6.68727631464731));
#3016=CARTESIAN_POINT('Ctrl Pts',(3.04774846927206,2.95392185940043,6.86392443913859));
#3017=CARTESIAN_POINT('Ctrl Pts',(2.22609764503218,5.71777980949671,6.93388907069145));
#3018=CARTESIAN_POINT('Ctrl Pts',(0.535547339989237,10.7761248936206,5.8693263630965));
#3019=CARTESIAN_POINT('Ctrl Pts',(-0.155571493734219,12.7102411259447,5.02188781929883));
#3020=CARTESIAN_POINT('Ctrl Pts',(-0.798513801475735,15.3574058238691,3.39244434940007));
#3021=CARTESIAN_POINT('Ctrl Pts',(-0.954609729725629,16.2095798688006,2.78470291875859));
#3022=CARTESIAN_POINT('Ctrl Pts',(-1.02076382869934,17.,2.13541687429976));
#3023=CARTESIAN_POINT('',(8.06757755542583,0.,12.6457183420788));
#3024=CARTESIAN_POINT('Origin',(17.0864782255354,0.,0.763278606345746));
#3025=CARTESIAN_POINT('',(0.111119473243363,17.,12.9968037359563));
#3026=CARTESIAN_POINT('',(8.06757755542583,0.,12.6457183420788));
#3027=CARTESIAN_POINT('Origin',(11.9699316633767,17.,6.27130591388198));
#3028=CARTESIAN_POINT('Origin',(-0.273878464837266,17.,7.67764921377402));
#3029=CARTESIAN_POINT('',(0.500467006967672,17.,2.31333023927885));
#3030=CARTESIAN_POINT('Ctrl Pts',(-1.02076382869935,17.,2.13541687429977));
#3031=CARTESIAN_POINT('Ctrl Pts',(-0.925156994925805,17.,2.18111848828767));
#3032=CARTESIAN_POINT('Ctrl Pts',(-0.826408700126567,17.,2.22043400859634));
#3033=CARTESIAN_POINT('Ctrl Pts',(-0.453573685663145,17.,2.34043406936218));
#3034=CARTESIAN_POINT('Ctrl Pts',(-0.168412392294516,17.,2.37802396696899));
#3035=CARTESIAN_POINT('Ctrl Pts',(0.245983023569719,17.,2.35759451907385));
#3036=CARTESIAN_POINT('Ctrl Pts',(0.374379088424426,17.,2.34060816187576));
#3037=CARTESIAN_POINT('Ctrl Pts',(0.500467006967673,17.,2.31333023927886));
#3038=CARTESIAN_POINT('',(1.78700287985524,17.,12.8684380434589));
#3039=CARTESIAN_POINT('',(1.78700287985524,17.,12.8684380434589));
#3040=CARTESIAN_POINT('Origin',(11.9699316633767,17.,6.27130591388198));
#3041=CARTESIAN_POINT('Ctrl Pts',(4.67617358362092,0.,5.8637362058867));
#3042=CARTESIAN_POINT('Ctrl Pts',(3.28440750479374,5.66666666666667,4.67987318545946));
#3043=CARTESIAN_POINT('Ctrl Pts',(1.89264142596656,11.3333333333333,3.49601016503222));
#3044=CARTESIAN_POINT('Ctrl Pts',(0.500875347139387,17.,2.31214714460499));
#3045=CARTESIAN_POINT('Ctrl Pts',(5.22655210582952,0.,7.20290332877195));
#3046=CARTESIAN_POINT('Ctrl Pts',(3.42195433418456,5.66666666666668,6.23301420841309));
#3047=CARTESIAN_POINT('Ctrl Pts',(1.62128059394938,11.3333333333333,5.26403371840616));
#3048=CARTESIAN_POINT('Ctrl Pts',(-0.183317177695582,17.,4.2941445980473));
#3049=CARTESIAN_POINT('Ctrl Pts',(6.57239464434238,0.,9.38868710421472));
#3050=CARTESIAN_POINT('Ctrl Pts',(4.22910482276754,5.66666666666665,8.95128021701386));
#3051=CARTESIAN_POINT('Ctrl Pts',(1.88431629252896,11.3333333333334,8.51370971471156));
#3052=CARTESIAN_POINT('Ctrl Pts',(-0.458973529045877,17.,8.0763028275107));
#3053=CARTESIAN_POINT('Ctrl Pts',(8.46500666895255,0.,11.1015433349175));
#3054=CARTESIAN_POINT('Ctrl Pts',(5.95387750298198,5.66666666666668,11.2507925093075));
#3055=CARTESIAN_POINT('Ctrl Pts',(3.4430813738059,11.3333333333333,11.399385062132));
#3056=CARTESIAN_POINT('Ctrl Pts',(0.931952207835323,17.,11.5486342365221));
#3057=CARTESIAN_POINT('Ctrl Pts',(9.35234716724183,0.,11.7274724117734));
#3058=CARTESIAN_POINT('Ctrl Pts',(6.83056573811297,5.66666666666667,12.1077942890019));
#3059=CARTESIAN_POINT('Ctrl Pts',(4.3087843089841,11.3333333333333,12.4881161662304));
#3060=CARTESIAN_POINT('Ctrl Pts',(1.78700287985524,17.,12.8684380434589));
#3061=CARTESIAN_POINT('',(4.6761735139405,2.11400485293276E-7,5.86373611851023));
#3062=CARTESIAN_POINT('Ctrl Pts',(0.500467006967671,17.,2.31333023927885));
#3063=CARTESIAN_POINT('Ctrl Pts',(0.570915931043579,16.0526293914444,2.98146376530692));
#3064=CARTESIAN_POINT('Ctrl Pts',(0.768173358939941,14.9133074195309,3.69356214255));
#3065=CARTESIAN_POINT('Ctrl Pts',(1.44420364238433,12.2923460762784,4.94269683898028));
#3066=CARTESIAN_POINT('Ctrl Pts',(1.86909417834872,10.9737992066874,5.40099594247106));
#3067=CARTESIAN_POINT('Ctrl Pts',(3.31323598409455,6.47344157098529,6.38373639310778));
#3068=CARTESIAN_POINT('Ctrl Pts',(4.26349319579875,3.43009303926778,6.19283767070866));
#3069=CARTESIAN_POINT('Ctrl Pts',(4.6761735139405,2.11400486005431E-7,5.86373611851022));
#3070=CARTESIAN_POINT('',(9.35234716724183,0.,11.7274724117734));
#3071=CARTESIAN_POINT('',(9.35234716724183,0.,11.7274724117734));
#3072=CARTESIAN_POINT('Origin',(17.0864782255354,0.,0.763278606345746));
#3073=CARTESIAN_POINT('Ctrl Pts',(9.35234716724183,0.,11.7274724117734));
#3074=CARTESIAN_POINT('Ctrl Pts',(6.83056573811297,5.66666666666667,12.1077942890019));
#3075=CARTESIAN_POINT('Ctrl Pts',(4.3087843089841,11.3333333333333,12.4881161662304));
#3076=CARTESIAN_POINT('Ctrl Pts',(1.78700287985524,17.,12.8684380434589));
#3077=CARTESIAN_POINT('Ctrl Pts',(8.92409062996983,0.,12.0335543885419));
#3078=CARTESIAN_POINT('Ctrl Pts',(6.35885211253032,5.66666666666666,12.3261117949028));
#3079=CARTESIAN_POINT('Ctrl Pts',(3.7936135950908,11.3333333333333,12.6186692012638));
#3080=CARTESIAN_POINT('Ctrl Pts',(1.22837507765128,17.,12.9112266076247));
#3081=CARTESIAN_POINT('Ctrl Pts',(8.49583409269783,0.,12.3396363653104));
#3082=CARTESIAN_POINT('Ctrl Pts',(5.88713848694766,5.66666666666667,12.5444293008037));
#3083=CARTESIAN_POINT('Ctrl Pts',(3.27844288119749,11.3333333333333,12.7492222362971));
#3084=CARTESIAN_POINT('Ctrl Pts',(0.669747275447322,17.,12.9540151717905));
#3085=CARTESIAN_POINT('Ctrl Pts',(8.06757755542583,0.,12.6457183420788));
#3086=CARTESIAN_POINT('Ctrl Pts',(5.41542486136501,5.66666666666667,12.7627468067047));
#3087=CARTESIAN_POINT('Ctrl Pts',(2.76327216730419,11.3333333333333,12.8797752713305));
#3088=CARTESIAN_POINT('Ctrl Pts',(0.111119473243362,17.,12.9968037359563));
#3089=CARTESIAN_POINT('',(8.06757755542583,0.,12.6457183420788));
#3090=CARTESIAN_POINT('Ctrl Pts',(4.6761735139405,0.,5.86373611851022));
#3091=CARTESIAN_POINT('Ctrl Pts',(-1.18756260456972,0.,10.5399096324507));
#3092=CARTESIAN_POINT('Ctrl Pts',(-5.86373611851022,0.,4.6761735139405));
#3093=CARTESIAN_POINT('Ctrl Pts',(-10.5399096324507,0.,-1.18756260456972));
#3094=CARTESIAN_POINT('Ctrl Pts',(-4.6761735139405,0.,-5.86373611851022));
#3095=CARTESIAN_POINT('Ctrl Pts',(1.18756260456972,0.,-10.5399096324507));
#3096=CARTESIAN_POINT('Ctrl Pts',(5.86373611851022,0.,-4.6761735139405));
#3097=CARTESIAN_POINT('Ctrl Pts',(10.5399096324507,0.,1.18756260456972));
#3098=CARTESIAN_POINT('Ctrl Pts',(4.6761735139405,0.,5.86373611851022));
#3099=CARTESIAN_POINT('Ctrl Pts',(4.67617351394051,1.28619927878427,5.86373611851023));
#3100=CARTESIAN_POINT('Ctrl Pts',(-1.18756260456973,1.28619927878427,10.5399096324507));
#3101=CARTESIAN_POINT('Ctrl Pts',(-5.86373611851023,1.28619927878427,4.67617351394051));
#3102=CARTESIAN_POINT('Ctrl Pts',(-10.5399096324507,1.28619927878427,-1.18756260456973));
#3103=CARTESIAN_POINT('Ctrl Pts',(-4.67617351394051,1.28619927878427,-5.86373611851023));
#3104=CARTESIAN_POINT('Ctrl Pts',(1.18756260456973,1.28619927878427,-10.5399096324507));
#3105=CARTESIAN_POINT('Ctrl Pts',(5.86373611851023,1.28619927878427,-4.67617351394051));
#3106=CARTESIAN_POINT('Ctrl Pts',(10.5399096324507,1.28619927878427,1.18756260456973));
#3107=CARTESIAN_POINT('Ctrl Pts',(4.67617351394051,1.28619927878427,5.86373611851023));
#3108=CARTESIAN_POINT('Ctrl Pts',(4.62158237990172,3.71669671827733,5.79528100163756));
#3109=CARTESIAN_POINT('Ctrl Pts',(-1.17369862173584,3.71669671827733,10.4168633815393));
#3110=CARTESIAN_POINT('Ctrl Pts',(-5.79528100163756,3.71669671827733,4.62158237990172));
#3111=CARTESIAN_POINT('Ctrl Pts',(-10.4168633815393,3.71669671827733,-1.17369862173584));
#3112=CARTESIAN_POINT('Ctrl Pts',(-4.62158237990172,3.71669671827733,-5.79528100163756));
#3113=CARTESIAN_POINT('Ctrl Pts',(1.17369862173584,3.71669671827733,-10.4168633815393));
#3114=CARTESIAN_POINT('Ctrl Pts',(5.79528100163756,3.71669671827733,-4.62158237990172));
#3115=CARTESIAN_POINT('Ctrl Pts',(10.4168633815393,3.71669671827733,1.17369862173584));
#3116=CARTESIAN_POINT('Ctrl Pts',(4.62158237990172,3.71669671827733,5.79528100163756));
#3117=CARTESIAN_POINT('Ctrl Pts',(4.37606960517614,6.9371224805602,5.48741771974217));
#3118=CARTESIAN_POINT('Ctrl Pts',(-1.11134811456603,6.9371224805602,9.86348732491831));
#3119=CARTESIAN_POINT('Ctrl Pts',(-5.48741771974217,6.9371224805602,4.37606960517614));
#3120=CARTESIAN_POINT('Ctrl Pts',(-9.86348732491831,6.9371224805602,-1.11134811456603));
#3121=CARTESIAN_POINT('Ctrl Pts',(-4.37606960517614,6.9371224805602,-5.48741771974217));
#3122=CARTESIAN_POINT('Ctrl Pts',(1.11134811456603,6.9371224805602,-9.86348732491831));
#3123=CARTESIAN_POINT('Ctrl Pts',(5.48741771974217,6.9371224805602,-4.37606960517614));
#3124=CARTESIAN_POINT('Ctrl Pts',(9.86348732491831,6.9371224805602,1.11134811456603));
#3125=CARTESIAN_POINT('Ctrl Pts',(4.37606960517614,6.9371224805602,5.48741771974217));
#3126=CARTESIAN_POINT('Ctrl Pts',(3.76661097271017,10.4977271642633,4.72318076718369));
#3127=CARTESIAN_POINT('Ctrl Pts',(-0.956569794473522,10.4977271642633,8.48979173989386));
#3128=CARTESIAN_POINT('Ctrl Pts',(-4.72318076718369,10.4977271642633,3.76661097271017));
#3129=CARTESIAN_POINT('Ctrl Pts',(-8.48979173989386,10.4977271642633,-0.956569794473522));
#3130=CARTESIAN_POINT('Ctrl Pts',(-3.76661097271017,10.4977271642633,-4.72318076718369));
#3131=CARTESIAN_POINT('Ctrl Pts',(0.956569794473522,10.4977271642633,-8.48979173989386));
#3132=CARTESIAN_POINT('Ctrl Pts',(4.72318076718369,10.4977271642633,-3.76661097271017));
#3133=CARTESIAN_POINT('Ctrl Pts',(8.48979173989386,10.4977271642633,0.956569794473522));
#3134=CARTESIAN_POINT('Ctrl Pts',(3.76661097271017,10.4977271642633,4.72318076718369));
#3135=CARTESIAN_POINT('Ctrl Pts',(2.691812668334,14.1349534015122,3.37542632250885));
#3136=CARTESIAN_POINT('Ctrl Pts',(-0.683613654174849,14.1349534015122,6.06723899084285));
#3137=CARTESIAN_POINT('Ctrl Pts',(-3.37542632250885,14.1349534015122,2.691812668334));
#3138=CARTESIAN_POINT('Ctrl Pts',(-6.06723899084285,14.1349534015122,-0.683613654174849));
#3139=CARTESIAN_POINT('Ctrl Pts',(-2.691812668334,14.1349534015122,-3.37542632250885));
#3140=CARTESIAN_POINT('Ctrl Pts',(0.683613654174849,14.1349534015122,-6.06723899084285));
#3141=CARTESIAN_POINT('Ctrl Pts',(3.37542632250885,14.1349534015122,-2.691812668334));
#3142=CARTESIAN_POINT('Ctrl Pts',(6.06723899084285,14.1349534015122,0.683613654174849));
#3143=CARTESIAN_POINT('Ctrl Pts',(2.691812668334,14.1349534015122,3.37542632250885));
#3144=CARTESIAN_POINT('Ctrl Pts',(1.67837747316549,16.6454841687655,2.10461878297607));
#3145=CARTESIAN_POINT('Ctrl Pts',(-0.426241309810584,16.6454841687655,3.78299625614156));
#3146=CARTESIAN_POINT('Ctrl Pts',(-2.10461878297607,16.6454841687655,1.67837747316549));
#3147=CARTESIAN_POINT('Ctrl Pts',(-3.78299625614156,16.6454841687655,-0.426241309810584));
#3148=CARTESIAN_POINT('Ctrl Pts',(-1.67837747316549,16.6454841687655,-2.10461878297607));
#3149=CARTESIAN_POINT('Ctrl Pts',(0.426241309810584,16.6454841687655,-3.78299625614156));
#3150=CARTESIAN_POINT('Ctrl Pts',(2.10461878297607,16.6454841687655,-1.67837747316549));
#3151=CARTESIAN_POINT('Ctrl Pts',(3.78299625614156,16.6454841687655,0.426241309810584));
#3152=CARTESIAN_POINT('Ctrl Pts',(1.67837747316549,16.6454841687655,2.10461878297607));
#3153=CARTESIAN_POINT('Ctrl Pts',(0.860285602998404,18.3775800903139,1.07876402522224));
#3154=CARTESIAN_POINT('Ctrl Pts',(-0.218478422223838,18.3775800903139,1.93904962822064));
#3155=CARTESIAN_POINT('Ctrl Pts',(-1.07876402522224,18.3775800903139,0.860285602998404));
#3156=CARTESIAN_POINT('Ctrl Pts',(-1.93904962822064,18.3775800903139,-0.218478422223838));
#3157=CARTESIAN_POINT('Ctrl Pts',(-0.860285602998404,18.3775800903139,-1.07876402522224));
#3158=CARTESIAN_POINT('Ctrl Pts',(0.218478422223838,18.3775800903139,-1.93904962822064));
#3159=CARTESIAN_POINT('Ctrl Pts',(1.07876402522224,18.3775800903139,-0.860285602998404));
#3160=CARTESIAN_POINT('Ctrl Pts',(1.93904962822064,18.3775800903139,0.218478422223838));
#3161=CARTESIAN_POINT('Ctrl Pts',(0.860285602998404,18.3775800903139,1.07876402522224));
#3162=CARTESIAN_POINT('Ctrl Pts',(0.290781767079582,19.469642463486,0.36462880283327));
#3163=CARTESIAN_POINT('Ctrl Pts',(-0.0738470357536884,19.469642463486,0.655410569912851));
#3164=CARTESIAN_POINT('Ctrl Pts',(-0.36462880283327,19.469642463486,0.290781767079582));
#3165=CARTESIAN_POINT('Ctrl Pts',(-0.655410569912851,19.469642463486,-0.0738470357536884));
#3166=CARTESIAN_POINT('Ctrl Pts',(-0.290781767079582,19.469642463486,-0.36462880283327));
#3167=CARTESIAN_POINT('Ctrl Pts',(0.0738470357536884,19.469642463486,-0.655410569912851));
#3168=CARTESIAN_POINT('Ctrl Pts',(0.36462880283327,19.469642463486,-0.290781767079582));
#3169=CARTESIAN_POINT('Ctrl Pts',(0.655410569912851,19.469642463486,0.0738470357536884));
#3170=CARTESIAN_POINT('Ctrl Pts',(0.290781767079582,19.469642463486,0.36462880283327));
#3171=CARTESIAN_POINT('Ctrl Pts',(0.,20.,0.));
#3172=CARTESIAN_POINT('Ctrl Pts',(0.,20.,0.));
#3173=CARTESIAN_POINT('Ctrl Pts',(0.,20.,0.));
#3174=CARTESIAN_POINT('Ctrl Pts',(0.,20.,0.));
#3175=CARTESIAN_POINT('Ctrl Pts',(0.,20.,0.));
#3176=CARTESIAN_POINT('Ctrl Pts',(0.,20.,0.));
#3177=CARTESIAN_POINT('Ctrl Pts',(0.,20.,0.));
#3178=CARTESIAN_POINT('Ctrl Pts',(0.,20.,0.));
#3179=CARTESIAN_POINT('Ctrl Pts',(0.,20.,0.));
#3180=CARTESIAN_POINT('',(0.,20.,0.));
#3181=CARTESIAN_POINT('Ctrl Pts',(0.,20.,0.));
#3182=CARTESIAN_POINT('Ctrl Pts',(0.290781767079582,19.469642463486,0.36462880283327));
#3183=CARTESIAN_POINT('Ctrl Pts',(0.860285602998404,18.3775800903139,1.07876402522224));
#3184=CARTESIAN_POINT('Ctrl Pts',(1.67837747316549,16.6454841687655,2.10461878297607));
#3185=CARTESIAN_POINT('Ctrl Pts',(2.691812668334,14.1349534015122,3.37542632250885));
#3186=CARTESIAN_POINT('Ctrl Pts',(3.76661097271017,10.4977271642633,4.72318076718369));
#3187=CARTESIAN_POINT('Ctrl Pts',(4.37606960517614,6.9371224805602,5.48741771974217));
#3188=CARTESIAN_POINT('Ctrl Pts',(4.62158237990172,3.71669671827733,5.79528100163756));
#3189=CARTESIAN_POINT('Ctrl Pts',(4.67617351394051,1.28619927878427,5.86373611851023));
#3190=CARTESIAN_POINT('Ctrl Pts',(4.6761735139405,0.,5.86373611851022));
#3191=CARTESIAN_POINT('Origin',(0.,0.,0.));
#3192=CARTESIAN_POINT('Origin',(0.,0.,0.));
#3193=UNCERTAINTY_MEASURE_WITH_UNIT(LENGTH_MEASURE(0.01),#3197,
'DISTANCE_ACCURACY_VALUE',
'Maximum model space distance between geometric entities at asserted c
onnectivities');
#3194=UNCERTAINTY_MEASURE_WITH_UNIT(LENGTH_MEASURE(0.01),#3197,
'DISTANCE_ACCURACY_VALUE',
'Maximum model space distance between geometric entities at asserted c
onnectivities');
#3195=(
GEOMETRIC_REPRESENTATION_CONTEXT(3)
GLOBAL_UNCERTAINTY_ASSIGNED_CONTEXT((#3193))
GLOBAL_UNIT_ASSIGNED_CONTEXT((#3197,#3199,#3200))
REPRESENTATION_CONTEXT('','3D')
);
#3196=(
GEOMETRIC_REPRESENTATION_CONTEXT(3)
GLOBAL_UNCERTAINTY_ASSIGNED_CONTEXT((#3194))
GLOBAL_UNIT_ASSIGNED_CONTEXT((#3197,#3199,#3200))
REPRESENTATION_CONTEXT('','3D')
);
#3197=(
LENGTH_UNIT()
NAMED_UNIT(*)
SI_UNIT(.MILLI.,.METRE.)
);
#3198=(
LENGTH_UNIT()
NAMED_UNIT(*)
SI_UNIT($,.METRE.)
);
#3199=(
NAMED_UNIT(*)
PLANE_ANGLE_UNIT()
SI_UNIT($,.RADIAN.)
);
#3200=(
NAMED_UNIT(*)
SI_UNIT($,.STERADIAN.)
SOLID_ANGLE_UNIT()
);
#3201=SHAPE_DEFINITION_REPRESENTATION(#3202,#3203);
#3202=PRODUCT_DEFINITION_SHAPE('',$,#3205);
#3203=SHAPE_REPRESENTATION('',(#1194),#3195);
#3204=PRODUCT_DEFINITION_CONTEXT('part definition',#3209,'design');
#3205=PRODUCT_DEFINITION('2026-09-30-12-20-43-730','impeller',#3206,#3204);
#3206=PRODUCT_DEFINITION_FORMATION('',$,#3211);
#3207=PRODUCT_RELATED_PRODUCT_CATEGORY('impeller','impeller',(#3211));
#3208=APPLICATION_PROTOCOL_DEFINITION('international standard',
'automotive_design',2009,#3209);
#3209=APPLICATION_CONTEXT(
'Core Data for Automotive Mechanical Design Process');
#3210=PRODUCT_CONTEXT('part definition',#3209,'mechanical');
#3211=PRODUCT('2026-09-30-12-20-43-730','impeller',$,(#3210));
#3212=PRESENTATION_STYLE_ASSIGNMENT((#3213));
#3213=SURFACE_STYLE_USAGE(.BOTH.,#3214);
#3214=SURFACE_SIDE_STYLE('',(#3215));
#3215=SURFACE_STYLE_FILL_AREA(#3216);
#3216=FILL_AREA_STYLE('Steel - Satin',(#3217));
#3217=FILL_AREA_STYLE_COLOUR('Steel - Satin',#3218);
#3218=COLOUR_RGB('Steel - Satin',0.627450980392157,0.627450980392157,0.627450980392157);
ENDSEC;
END-ISO-10303-21;
